post_id,user_id,receiver_id,post_type,post_text,posttime ,visible
1001,28,null,stories,The Quest for the Crystal Skull,2023-09-24 09:06:25,true
1002,254,null,stories,The Legend of the Forgotten Kingdom,2022-11-28 19:28:12,true
1003,989,null,stories,The Secret of the Enchanted Forest,2023-04-04 23:23:08,true
1004,272,null,stories,The Secret Agent's Mission,2023-10-01 22:25:48,true
1005,217,null,stories,The Curse of the Ancient Amulet,2023-10-02 23:04:08,true
1006,981,null,stories,The Quest for the Crystal Skull,2022-12-23 07:49:47,true
1007,276,null,stories,The Quest for the Golden Key,2023-08-01 04:52:04,true
1008,891,null,stories,The Secret Agent's Mission,2023-10-15 08:16:15,true
1009,640,null,stories,The Adventure of the Lost Treasure,2023-05-18 02:20:42,true
1010,175,null,stories,The Magical Potion of Immortality,2023-04-27 13:56:39,true
1011,883,null,stories,The Journey to the Magical Land,2023-04-05 14:35:09,true
1012,802,null,stories,The Curse of the Ancient Amulet,2023-03-14 00:01:58,true
1013,52,null,stories,The Magical Potion of Immortality,2023-10-09 15:39:10,true
1014,77,null,stories,The Secret Agent's Mission,2022-12-24 08:18:51,true
1015,404,null,stories,The Magical Potion of Immortality,2023-08-11 05:56:45,true
1016,441,null,stories,The Legend of the Forgotten Kingdom,2023-04-25 04:26:49,true
1017,836,null,stories,The Journey to the Magical Land,2023-04-05 03:31:01,true
1018,997,null,stories,The Magical Potion of Immortality,2023-09-06 10:53:21,true
1019,953,null,stories,The Mystery of the Haunted Mansion,2023-04-26 23:43:07,true
1020,765,null,stories,The Quest for the Crystal Skull,2023-05-20 18:24:40,true
1021,635,null,stories,The Secret of the Enchanted Forest,2023-05-15 06:56:56,true
1022,687,null,stories,The Adventure of the Lost Treasure,2023-04-05 19:46:10,true
1023,439,null,stories,The Adventure of the Lost Treasure,2023-02-17 06:48:26,true
1024,989,null,stories,The Quest for the Crystal Skull,2022-11-16 23:05:53,true
1025,391,null,stories,The Legend of the Forgotten Kingdom,2023-05-12 07:57:47,true
1026,658,null,stories,The Adventure of the Lost Treasure,2023-07-27 23:39:45,true
1027,724,null,stories,The Magical Potion of Immortality,2023-02-14 20:08:28,true
1028,138,null,stories,The Journey to the Magical Land,2023-06-28 18:55:09,true
1029,556,null,stories,The Magical Potion of Immortality,2023-02-20 14:46:58,true
1030,797,null,stories,The Secret of the Enchanted Forest,2023-08-28 09:02:50,true
1031,16,null,stories,The Curse of the Ancient Amulet,2023-03-09 02:28:40,true
1032,990,null,stories,The Mystery of the Haunted Mansion,2023-03-30 05:54:54,true
1033,619,null,stories,The Adventure of the Lost Treasure,2023-03-21 09:39:24,true
1034,343,null,stories,The Mystery of the Haunted Mansion,2022-11-29 11:03:44,true
1035,393,null,stories,The Quest for the Crystal Skull,2023-04-30 08:21:54,true
1036,485,null,stories,The Curse of the Ancient Amulet,2022-10-30 04:32:42,true
1037,415,null,stories,The Quest for the Golden Key,2023-08-14 09:14:39,true
1038,213,null,stories,The Journey to the Magical Land,2023-04-29 07:03:51,true
1039,520,null,stories,The Magical Potion of Immortality,2022-12-03 19:01:20,true
1040,520,null,stories,The Legend of the Forgotten Kingdom,2023-09-25 01:00:32,true
1041,459,null,stories,The Curse of the Ancient Amulet,2023-01-24 15:35:11,true
1042,61,null,stories,The Magical Potion of Immortality,2023-09-19 14:26:00,true
1043,210,null,stories,The Mystery of the Haunted Mansion,2022-11-21 18:03:28,true
1044,982,null,stories,The Mystery of the Haunted Mansion,2023-05-07 22:08:23,true
1045,284,null,stories,The Magical Potion of Immortality,2023-06-06 15:44:38,true
1046,550,null,stories,The Legend of the Forgotten Kingdom,2023-05-26 15:25:43,true
1047,367,null,stories,The Secret Agent's Mission,2023-03-05 15:55:01,true
1048,34,null,stories,The Secret Agent's Mission,2022-11-03 21:12:12,true
1049,78,null,stories,The Curse of the Ancient Amulet,2023-10-06 12:43:30,true
1050,219,null,stories,The Legend of the Forgotten Kingdom,2022-11-28 11:52:41,true
1051,141,null,stories,The Journey to the Magical Land,2023-03-21 08:41:05,true
1052,691,null,stories,The Magical Potion of Immortality,2023-02-17 11:36:16,true
1053,95,null,stories,The Secret of the Enchanted Forest,2023-10-09 10:07:49,true
1054,112,null,stories,The Mystery of the Haunted Mansion,2023-08-12 07:19:33,true
1055,213,null,stories,The Curse of the Ancient Amulet,2023-06-02 03:02:50,true
1056,943,null,stories,The Secret Agent's Mission,2022-12-25 23:24:57,true
1057,383,null,stories,The Journey to the Magical Land,2022-11-19 16:23:34,true
1058,409,null,stories,The Legend of the Forgotten Kingdom,2023-10-06 15:01:49,true
1059,641,null,stories,The Magical Potion of Immortality,2023-09-01 09:55:21,true
1060,68,null,stories,The Magical Potion of Immortality,2022-11-12 08:06:38,true
1061,452,null,stories,The Secret Agent's Mission,2022-11-23 02:20:16,true
1062,85,null,stories,The Curse of the Ancient Amulet,2023-09-11 11:06:06,true
1063,477,null,stories,The Adventure of the Lost Treasure,2023-04-18 05:40:53,true
1064,30,null,stories,The Magical Potion of Immortality,2023-02-28 13:59:35,true
1065,411,null,stories,The Mystery of the Haunted Mansion,2023-02-04 01:30:01,true
1066,956,null,stories,The Magical Potion of Immortality,2023-05-25 05:45:08,true
1067,96,null,stories,The Magical Potion of Immortality,2023-07-12 03:21:02,true
1068,385,null,stories,The Legend of the Forgotten Kingdom,2022-10-26 12:33:56,true
1069,728,null,stories,The Magical Potion of Immortality,2023-07-06 02:23:39,true
1070,350,null,stories,The Journey to the Magical Land,2023-06-04 07:19:46,true
1071,767,null,stories,The Curse of the Ancient Amulet,2023-06-15 03:41:43,true
1072,622,null,stories,The Legend of the Forgotten Kingdom,2023-03-08 19:24:59,true
1073,909,null,stories,The Quest for the Golden Key,2023-03-05 17:59:42,true
1074,253,null,stories,The Magical Potion of Immortality,2023-10-07 04:54:59,true
1075,816,null,stories,The Secret Agent's Mission,2023-06-24 02:01:25,true
1076,730,null,stories,The Quest for the Crystal Skull,2023-07-12 19:18:06,true
1077,252,null,stories,The Mystery of the Haunted Mansion,2022-10-25 12:19:46,true
1078,480,null,stories,The Quest for the Golden Key,2023-02-08 18:30:53,true
1079,45,null,stories,The Adventure of the Lost Treasure,2023-05-10 16:59:50,true
1080,892,null,stories,The Mystery of the Haunted Mansion,2023-08-29 15:30:38,true
1081,344,null,stories,The Secret of the Enchanted Forest,2023-04-23 12:38:18,true
1082,472,null,stories,The Curse of the Ancient Amulet,2023-05-28 13:14:03,true
1083,379,null,stories,The Curse of the Ancient Amulet,2023-04-02 09:09:18,true
1084,200,null,stories,The Secret Agent's Mission,2023-02-02 01:33:12,true
1085,748,null,stories,The Adventure of the Lost Treasure,2023-04-03 11:31:12,true
1086,146,null,stories,The Mystery of the Haunted Mansion,2023-07-08 22:48:48,true
1087,771,null,stories,The Adventure of the Lost Treasure,2023-04-02 12:28:24,true
1088,831,null,stories,The Legend of the Forgotten Kingdom,2022-10-22 03:43:45,true
1089,660,null,stories,The Quest for the Golden Key,2022-11-03 18:37:29,true
1090,830,null,stories,The Legend of the Forgotten Kingdom,2022-12-14 21:17:30,true
1091,495,null,stories,The Quest for the Golden Key,2023-08-19 02:28:09,true
1092,552,null,stories,The Quest for the Crystal Skull,2023-08-24 05:56:24,true
1093,303,null,stories,The Curse of the Ancient Amulet,2023-02-24 02:43:37,true
1094,747,null,stories,The Quest for the Crystal Skull,2023-04-11 05:40:18,true
1095,786,null,stories,The Quest for the Crystal Skull,2023-03-08 04:26:01,true
1096,832,null,stories,The Secret of the Enchanted Forest,2023-09-27 03:40:27,true
1097,566,null,stories,The Magical Potion of Immortality,2022-11-27 15:34:46,true
1098,178,null,stories,The Journey to the Magical Land,2022-12-25 15:43:20,true
1099,969,null,stories,The Mystery of the Haunted Mansion,2023-04-20 06:41:28,true
1100,256,null,stories,The Mystery of the Haunted Mansion,2022-12-18 01:40:21,true
1101,20,null,stories,The Mystery of the Haunted Mansion,2023-03-03 23:12:41,true
1102,394,null,stories,The Magical Potion of Immortality,2023-03-17 21:24:50,true
1103,665,null,stories,The Quest for the Crystal Skull,2022-10-23 02:51:18,true
1104,642,null,stories,The Adventure of the Lost Treasure,2023-09-16 21:24:55,true
1105,850,null,stories,The Mystery of the Haunted Mansion,2023-02-08 03:27:43,true
1106,615,null,stories,The Mystery of the Haunted Mansion,2023-08-16 02:51:05,true
1107,665,null,stories,The Quest for the Golden Key,2023-08-07 11:35:19,true
1108,74,null,stories,The Quest for the Golden Key,2022-11-02 17:39:47,true
1109,651,null,stories,The Quest for the Crystal Skull,2023-02-23 15:02:09,true
1110,926,null,stories,The Secret of the Enchanted Forest,2023-10-02 23:33:17,true
1111,546,null,stories,The Mystery of the Haunted Mansion,2023-05-06 14:35:49,true
1112,877,null,stories,The Journey to the Magical Land,2022-10-25 02:07:22,true
1113,71,null,stories,The Secret Agent's Mission,2023-09-21 02:20:23,true
1114,469,null,stories,The Quest for the Crystal Skull,2023-08-09 21:55:34,true
1115,200,null,stories,The Quest for the Golden Key,2023-02-04 09:46:14,true
1116,905,null,stories,The Quest for the Crystal Skull,2023-03-24 11:24:28,true
1117,853,null,stories,The Secret of the Enchanted Forest,2023-05-23 16:25:08,true
1118,85,null,stories,The Mystery of the Haunted Mansion,2023-01-10 10:29:14,true
1119,761,null,stories,The Legend of the Forgotten Kingdom,2022-11-27 14:44:14,true
1120,211,null,stories,The Legend of the Forgotten Kingdom,2023-01-20 15:01:12,true
1121,673,null,stories,The Mystery of the Haunted Mansion,2023-09-21 18:45:32,true
1122,401,null,stories,The Journey to the Magical Land,2023-08-28 15:55:47,true
1123,147,null,stories,The Secret of the Enchanted Forest,2023-03-26 16:16:10,true
1124,447,null,stories,The Adventure of the Lost Treasure,2022-12-01 21:42:36,true
1125,446,null,stories,The Mystery of the Haunted Mansion,2023-05-12 22:42:34,true
1126,974,null,stories,The Journey to the Magical Land,2022-10-16 02:34:46,true
1127,817,null,stories,The Secret of the Enchanted Forest,2023-06-11 16:36:57,true
1128,424,null,stories,The Curse of the Ancient Amulet,2023-07-29 08:29:12,true
1129,240,null,stories,The Quest for the Crystal Skull,2023-06-24 17:52:44,true
1130,74,null,stories,The Journey to the Magical Land,2022-11-13 14:55:29,true
1131,946,null,stories,The Journey to the Magical Land,2023-07-19 02:48:17,true
1132,306,null,stories,The Secret of the Enchanted Forest,2023-10-10 12:12:09,true
1133,987,null,stories,The Quest for the Golden Key,2022-10-20 03:22:04,true
1134,768,null,stories,The Magical Potion of Immortality,2023-06-04 13:46:26,true
1135,170,null,stories,The Secret of the Enchanted Forest,2023-06-30 12:27:19,true
1136,788,null,stories,The Mystery of the Haunted Mansion,2023-04-24 23:17:55,true
1137,231,null,stories,The Mystery of the Haunted Mansion,2023-01-05 09:54:24,true
1138,568,null,stories,The Magical Potion of Immortality,2023-02-27 20:49:19,true
1139,173,null,stories,The Adventure of the Lost Treasure,2022-11-06 17:10:41,true
1140,23,null,stories,The Magical Potion of Immortality,2023-03-27 01:55:45,true
1141,600,null,stories,The Curse of the Ancient Amulet,2023-08-26 01:34:32,true
1142,872,null,stories,The Magical Potion of Immortality,2023-08-07 02:54:41,true
1143,51,null,stories,The Adventure of the Lost Treasure,2023-02-26 13:00:31,true
1144,104,null,stories,The Journey to the Magical Land,2022-11-05 16:46:24,true
1145,975,null,stories,The Mystery of the Haunted Mansion,2023-07-29 06:02:58,true
1146,567,null,stories,The Adventure of the Lost Treasure,2023-01-26 01:26:28,true
1147,974,null,stories,The Quest for the Golden Key,2023-09-25 04:18:42,true
1148,928,null,stories,The Mystery of the Haunted Mansion,2023-09-06 13:33:54,true
1149,211,null,stories,The Secret Agent's Mission,2023-09-12 16:43:47,true
1150,875,null,stories,The Journey to the Magical Land,2023-09-13 16:49:01,true
1151,600,null,stories,The Secret of the Enchanted Forest,2022-12-08 11:12:48,true
1152,519,null,stories,The Adventure of the Lost Treasure,2023-03-24 08:53:11,true
1153,73,null,stories,The Secret of the Enchanted Forest,2022-10-16 15:34:05,true
1154,944,null,stories,The Secret of the Enchanted Forest,2023-07-20 17:40:32,true
1155,897,null,stories,The Magical Potion of Immortality,2022-10-30 08:16:56,true
1156,334,null,stories,The Quest for the Golden Key,2023-01-19 12:01:28,true
1157,347,null,stories,The Legend of the Forgotten Kingdom,2023-04-16 01:05:14,true
1158,309,null,stories,The Secret of the Enchanted Forest,2022-12-14 05:23:23,true
1159,315,null,stories,The Legend of the Forgotten Kingdom,2022-11-27 13:09:33,true
1160,816,null,stories,The Magical Potion of Immortality,2023-03-27 06:11:05,true
1161,911,null,stories,The Journey to the Magical Land,2023-03-05 11:11:23,true
1162,502,null,stories,The Secret of the Enchanted Forest,2022-10-23 13:06:26,true
1163,650,null,stories,The Curse of the Ancient Amulet,2023-04-03 03:38:56,true
1164,453,null,stories,The Legend of the Forgotten Kingdom,2023-01-24 05:34:21,true
1165,762,null,stories,The Journey to the Magical Land,2023-06-02 16:01:20,true
1166,485,null,stories,The Quest for the Golden Key,2022-11-25 22:47:40,true
1167,58,null,stories,The Magical Potion of Immortality,2023-02-23 01:25:20,true
1168,755,null,stories,The Curse of the Ancient Amulet,2023-06-16 18:01:36,true
1169,431,null,stories,The Secret Agent's Mission,2023-02-08 05:31:19,true
1170,659,null,stories,The Quest for the Golden Key,2023-09-29 23:13:05,true
1171,996,null,stories,The Journey to the Magical Land,2022-12-23 15:57:57,true
1172,182,null,stories,The Secret Agent's Mission,2023-05-27 19:27:26,true
1173,110,null,stories,The Quest for the Crystal Skull,2023-04-07 08:37:11,true
1174,417,null,stories,The Secret Agent's Mission,2023-05-24 01:07:08,true
1175,847,null,stories,The Quest for the Golden Key,2023-09-01 11:49:14,true
1176,65,null,stories,The Curse of the Ancient Amulet,2023-05-12 07:36:43,true
1177,434,null,stories,The Quest for the Crystal Skull,2023-05-13 08:42:13,true
1178,862,null,stories,The Magical Potion of Immortality,2022-12-02 21:48:26,true
1179,25,null,stories,The Mystery of the Haunted Mansion,2022-11-02 14:51:36,true
1180,679,null,stories,The Quest for the Golden Key,2023-05-30 04:01:11,true
1181,309,null,stories,The Magical Potion of Immortality,2023-08-12 22:17:01,true
1182,955,null,stories,The Curse of the Ancient Amulet,2023-06-05 10:40:47,true
1183,722,null,stories,The Quest for the Crystal Skull,2023-06-07 19:26:59,true
1184,334,null,stories,The Adventure of the Lost Treasure,2023-05-06 14:10:33,true
1185,376,null,stories,The Mystery of the Haunted Mansion,2023-04-10 00:48:18,true
1186,142,null,stories,The Magical Potion of Immortality,2023-01-22 22:11:21,true
1187,970,null,stories,The Quest for the Crystal Skull,2023-06-17 17:32:33,true
1188,925,null,stories,The Mystery of the Haunted Mansion,2023-01-17 03:41:33,true
1189,397,null,stories,The Legend of the Forgotten Kingdom,2023-06-11 03:10:00,true
1190,906,null,stories,The Magical Potion of Immortality,2022-11-04 19:54:29,true
1191,146,null,stories,The Journey to the Magical Land,2023-03-03 18:44:19,true
1192,143,null,stories,The Quest for the Golden Key,2023-10-05 10:23:20,true
1193,67,null,stories,The Legend of the Forgotten Kingdom,2023-07-23 03:38:33,true
1194,780,null,stories,The Secret of the Enchanted Forest,2022-11-04 13:54:49,true
1195,242,null,stories,The Magical Potion of Immortality,2023-09-19 16:24:20,true
1196,403,null,stories,The Mystery of the Haunted Mansion,2023-05-01 10:03:57,true
1197,221,null,stories,The Quest for the Golden Key,2023-01-29 00:03:54,true
1198,373,null,stories,The Adventure of the Lost Treasure,2023-05-18 11:44:13,true
1199,508,null,stories,The Legend of the Forgotten Kingdom,2023-09-09 19:19:37,true
1200,136,null,stories,The Legend of the Forgotten Kingdom,2023-10-03 16:10:45,true
1201,808,null,stories,The Legend of the Forgotten Kingdom,2023-06-22 07:42:51,true
1202,886,null,stories,The Quest for the Golden Key,2023-05-08 22:34:09,true
1203,184,null,stories,The Secret of the Enchanted Forest,2023-05-28 13:41:20,true
1204,389,null,stories,The Secret Agent's Mission,2023-04-26 15:49:03,true
1205,875,null,stories,The Quest for the Golden Key,2023-07-08 23:39:25,true
1206,206,null,stories,The Secret Agent's Mission,2023-04-11 23:17:50,true
1207,705,null,stories,The Adventure of the Lost Treasure,2023-01-31 09:53:38,true
1208,608,null,stories,The Journey to the Magical Land,2023-03-14 21:14:58,true
1209,130,null,stories,The Curse of the Ancient Amulet,2023-02-03 09:37:41,true
1210,973,null,stories,The Magical Potion of Immortality,2023-04-16 02:55:13,true
1211,621,null,stories,The Journey to the Magical Land,2023-06-19 01:42:47,true
1212,284,null,stories,The Magical Potion of Immortality,2023-10-11 15:29:38,true
1213,154,null,stories,The Adventure of the Lost Treasure,2022-11-18 16:53:52,true
1214,869,null,stories,The Journey to the Magical Land,2023-01-10 05:05:12,true
1215,470,null,stories,The Curse of the Ancient Amulet,2022-12-01 10:13:54,true
1216,791,null,stories,The Journey to the Magical Land,2023-05-23 19:55:59,true
1217,410,null,stories,The Curse of the Ancient Amulet,2023-03-24 06:58:50,true
1218,436,null,stories,The Adventure of the Lost Treasure,2022-11-16 04:41:17,true
1219,735,null,stories,The Curse of the Ancient Amulet,2023-06-11 12:25:11,true
1220,226,null,stories,The Quest for the Crystal Skull,2023-06-30 01:15:54,true
1221,842,null,stories,The Mystery of the Haunted Mansion,2023-01-09 06:05:36,true
1222,6,null,stories,The Curse of the Ancient Amulet,2023-02-27 22:25:21,true
1223,114,null,stories,The Curse of the Ancient Amulet,2023-04-01 12:06:38,true
1224,382,null,stories,The Journey to the Magical Land,2023-05-01 03:30:16,true
1225,241,null,stories,The Adventure of the Lost Treasure,2023-01-23 04:18:13,true
1226,16,null,stories,The Mystery of the Haunted Mansion,2022-10-29 20:19:41,true
1227,89,null,stories,The Quest for the Golden Key,2023-01-23 04:59:49,true
1228,357,null,stories,The Quest for the Crystal Skull,2023-06-25 21:08:27,true
1229,49,null,stories,The Secret of the Enchanted Forest,2023-06-27 12:40:44,true
1230,278,null,stories,The Quest for the Crystal Skull,2022-12-04 13:38:44,true
1231,231,null,stories,The Quest for the Golden Key,2023-08-07 19:27:11,true
1232,628,null,stories,The Secret Agent's Mission,2023-06-05 22:23:04,true
1233,70,null,stories,The Quest for the Crystal Skull,2023-08-27 17:04:31,true
1234,637,null,stories,The Adventure of the Lost Treasure,2022-10-18 14:37:09,true
1235,946,null,stories,The Secret Agent's Mission,2023-08-17 04:19:16,true
1236,944,null,stories,The Legend of the Forgotten Kingdom,2023-06-27 08:23:34,true
1237,134,null,stories,The Magical Potion of Immortality,2023-02-18 04:17:05,true
1238,325,null,stories,The Journey to the Magical Land,2022-11-22 18:37:34,true
1239,298,null,stories,The Quest for the Golden Key,2023-06-06 01:00:30,true
1240,973,null,stories,The Journey to the Magical Land,2022-11-24 15:14:55,true
1241,487,null,stories,The Adventure of the Lost Treasure,2023-10-04 02:34:09,true
1242,149,null,stories,The Quest for the Golden Key,2023-01-13 05:08:44,true
1243,598,null,stories,The Secret of the Enchanted Forest,2022-12-09 17:13:29,true
1244,27,null,stories,The Curse of the Ancient Amulet,2023-06-16 09:28:09,true
1245,339,null,stories,The Adventure of the Lost Treasure,2023-07-30 10:09:38,true
1246,477,null,stories,The Mystery of the Haunted Mansion,2023-01-21 03:51:44,true
1247,382,null,stories,The Curse of the Ancient Amulet,2023-07-05 17:57:47,true
1248,914,null,stories,The Mystery of the Haunted Mansion,2022-12-13 04:32:00,true
1249,467,null,stories,The Quest for the Golden Key,2023-01-18 22:08:27,true
1250,403,null,stories,The Quest for the Golden Key,2022-12-25 14:52:11,true
1251,781,null,stories,The Adventure of the Lost Treasure,2023-06-22 04:34:01,true
1252,486,null,stories,The Quest for the Crystal Skull,2023-02-15 12:25:46,true
1253,640,null,stories,The Magical Potion of Immortality,2023-01-28 05:40:33,true
1254,22,null,stories,The Legend of the Forgotten Kingdom,2023-07-21 20:00:38,true
1255,223,null,stories,The Mystery of the Haunted Mansion,2023-01-17 00:23:53,true
1256,413,null,stories,The Secret of the Enchanted Forest,2023-05-11 16:05:35,true
1257,937,null,stories,The Adventure of the Lost Treasure,2023-02-06 18:18:10,true
1258,393,null,stories,The Adventure of the Lost Treasure,2023-06-30 08:33:38,true
1259,162,null,stories,The Adventure of the Lost Treasure,2023-04-09 03:02:29,true
1260,412,null,stories,The Journey to the Magical Land,2023-08-16 08:34:27,true
1261,928,null,stories,The Quest for the Crystal Skull,2023-03-25 16:50:58,true
1262,889,null,stories,The Magical Potion of Immortality,2023-07-11 18:11:40,true
1263,934,null,stories,The Magical Potion of Immortality,2023-06-19 15:01:52,true
1264,455,null,stories,The Quest for the Crystal Skull,2023-04-25 03:40:35,true
1265,29,null,stories,The Secret of the Enchanted Forest,2023-05-17 17:51:09,true
1266,615,null,stories,The Secret Agent's Mission,2023-05-30 02:42:34,true
1267,263,null,stories,The Secret of the Enchanted Forest,2023-06-19 21:01:28,true
1268,41,null,stories,The Secret of the Enchanted Forest,2023-07-14 23:42:01,true
1269,571,null,stories,The Quest for the Golden Key,2023-01-28 06:13:23,true
1270,334,null,stories,The Secret of the Enchanted Forest,2023-04-19 08:10:12,true
1271,684,null,stories,The Legend of the Forgotten Kingdom,2023-05-30 16:54:36,true
1272,631,null,stories,The Legend of the Forgotten Kingdom,2022-12-12 22:58:10,true
1273,33,null,stories,The Magical Potion of Immortality,2022-11-14 00:40:03,true
1274,678,null,stories,The Curse of the Ancient Amulet,2022-11-17 04:56:34,true
1275,909,null,stories,The Curse of the Ancient Amulet,2023-08-08 01:28:43,true
1276,349,null,stories,The Adventure of the Lost Treasure,2023-03-07 08:43:31,true
1277,934,null,stories,The Curse of the Ancient Amulet,2023-02-23 08:33:10,true
1278,806,null,stories,The Quest for the Golden Key,2023-06-22 15:52:19,true
1279,801,null,stories,The Journey to the Magical Land,2022-12-03 14:12:56,true
1280,493,null,stories,The Curse of the Ancient Amulet,2023-07-25 02:46:54,true
1281,703,null,stories,The Journey to the Magical Land,2022-12-26 21:43:28,true
1282,789,null,stories,The Secret Agent's Mission,2023-05-03 12:34:47,true
1283,395,null,stories,The Curse of the Ancient Amulet,2022-10-31 01:09:27,true
1284,949,null,stories,The Quest for the Crystal Skull,2023-07-01 20:43:26,true
1285,141,null,stories,The Secret Agent's Mission,2023-01-29 21:38:48,true
1286,478,null,stories,The Legend of the Forgotten Kingdom,2022-12-27 18:31:11,true
1287,220,null,stories,The Secret of the Enchanted Forest,2023-09-22 08:25:06,true
1288,410,null,stories,The Adventure of the Lost Treasure,2023-04-08 08:58:57,true
1289,145,null,stories,The Secret Agent's Mission,2022-11-01 17:56:20,true
1290,336,null,stories,The Curse of the Ancient Amulet,2023-02-15 18:58:23,true
1291,275,null,stories,The Quest for the Crystal Skull,2023-05-14 21:50:19,true
1292,913,null,stories,The Curse of the Ancient Amulet,2022-10-17 13:55:48,true
1293,813,null,stories,The Journey to the Magical Land,2023-04-30 20:23:19,true
1294,123,null,stories,The Secret Agent's Mission,2023-06-25 11:28:56,true
1295,839,null,stories,The Journey to the Magical Land,2023-01-26 02:14:36,true
1296,229,null,stories,The Magical Potion of Immortality,2023-05-12 19:41:40,true
1297,207,null,stories,The Mystery of the Haunted Mansion,2023-09-01 12:26:41,true
1298,939,null,stories,The Curse of the Ancient Amulet,2022-12-22 08:08:34,true
1299,577,null,stories,The Journey to the Magical Land,2022-12-15 14:12:29,true
1300,272,null,stories,The Legend of the Forgotten Kingdom,2023-09-08 00:34:24,true
1301,458,null,stories,The Adventure of the Lost Treasure,2023-08-25 08:41:30,true
1302,236,null,stories,The Legend of the Forgotten Kingdom,2023-04-26 13:26:05,true
1303,632,null,stories,The Mystery of the Haunted Mansion,2023-06-22 04:27:22,true
1304,964,null,stories,The Mystery of the Haunted Mansion,2022-10-20 00:17:08,true
1305,300,null,stories,The Magical Potion of Immortality,2023-05-07 05:48:02,true
1306,439,null,stories,The Secret Agent's Mission,2023-01-27 13:44:10,true
1307,820,null,stories,The Mystery of the Haunted Mansion,2023-09-09 05:14:35,true
1308,335,null,stories,The Adventure of the Lost Treasure,2023-06-16 06:05:26,true
1309,968,null,stories,The Adventure of the Lost Treasure,2023-07-27 01:21:57,true
1310,498,null,stories,The Quest for the Crystal Skull,2023-03-14 10:26:43,true
1311,287,null,stories,The Mystery of the Haunted Mansion,2023-06-08 07:27:33,true
1312,208,null,stories,The Journey to the Magical Land,2023-03-28 12:45:00,true
1313,581,null,stories,The Secret Agent's Mission,2023-07-07 21:09:11,true
1314,457,null,stories,The Adventure of the Lost Treasure,2023-03-31 03:07:11,true
1315,362,null,stories,The Quest for the Golden Key,2023-05-20 07:17:37,true
1316,641,null,stories,The Secret Agent's Mission,2023-01-16 16:29:33,true
1317,923,null,stories,The Magical Potion of Immortality,2023-06-03 21:50:04,true
1318,684,null,stories,The Journey to the Magical Land,2023-02-21 13:46:24,true
1319,38,null,stories,The Adventure of the Lost Treasure,2022-11-17 20:22:39,true
1320,524,null,stories,The Journey to the Magical Land,2023-04-06 05:43:59,true
1321,915,null,stories,The Adventure of the Lost Treasure,2023-04-01 18:17:06,true
1322,675,null,stories,The Journey to the Magical Land,2023-05-30 11:09:17,true
1323,826,null,stories,The Adventure of the Lost Treasure,2023-03-27 10:39:25,true
1324,148,null,stories,The Magical Potion of Immortality,2023-08-06 06:11:58,true
1325,54,null,stories,The Secret Agent's Mission,2023-02-11 15:11:26,true
1326,658,null,stories,The Quest for the Golden Key,2023-08-20 03:20:30,true
1327,236,null,stories,The Adventure of the Lost Treasure,2023-01-03 15:54:38,true
1328,218,null,stories,The Curse of the Ancient Amulet,2022-11-17 13:36:22,true
1329,521,null,stories,The Secret Agent's Mission,2022-11-06 20:19:19,true
1330,143,null,stories,The Journey to the Magical Land,2023-03-19 02:43:07,true
1331,30,null,stories,The Secret of the Enchanted Forest,2022-12-19 12:23:31,true
1332,548,null,stories,The Journey to the Magical Land,2023-07-19 05:16:56,true
1333,22,null,stories,The Quest for the Golden Key,2023-07-21 04:02:39,true
1334,160,null,stories,The Quest for the Golden Key,2023-09-16 18:08:31,true
1335,637,null,stories,The Journey to the Magical Land,2023-10-11 01:54:36,true
1336,498,null,stories,The Journey to the Magical Land,2022-11-08 00:43:46,true
1337,709,null,stories,The Quest for the Crystal Skull,2023-03-23 04:13:54,true
1338,305,null,stories,The Mystery of the Haunted Mansion,2023-02-03 14:47:55,true
1339,193,null,stories,The Secret Agent's Mission,2023-05-10 19:50:50,true
1340,294,null,stories,The Magical Potion of Immortality,2023-03-13 04:24:19,true
1341,421,null,stories,The Journey to the Magical Land,2023-02-18 17:40:27,true
1342,962,null,stories,The Magical Potion of Immortality,2023-06-20 05:26:38,true
1343,287,null,stories,The Quest for the Crystal Skull,2022-12-28 14:13:00,true
1344,246,null,stories,The Curse of the Ancient Amulet,2023-05-01 23:04:09,true
1345,278,null,stories,The Mystery of the Haunted Mansion,2022-11-21 03:44:00,true
1346,341,null,stories,The Secret of the Enchanted Forest,2023-08-10 05:23:10,true
1347,119,null,stories,The Legend of the Forgotten Kingdom,2023-03-21 14:26:34,true
1348,729,null,stories,The Quest for the Golden Key,2023-02-08 14:28:06,true
1349,225,null,stories,The Quest for the Golden Key,2023-09-21 16:44:22,true
1350,667,null,stories,The Mystery of the Haunted Mansion,2023-04-01 21:03:43,true
1351,464,null,stories,The Quest for the Golden Key,2022-12-12 17:51:54,true
1352,939,null,stories,The Curse of the Ancient Amulet,2023-03-31 06:09:03,true
1353,114,null,stories,The Quest for the Golden Key,2023-07-09 07:33:30,true
1354,228,null,stories,The Quest for the Crystal Skull,2023-07-15 09:50:44,true
1355,412,null,stories,The Secret of the Enchanted Forest,2022-12-15 02:10:58,true
1356,510,null,stories,The Mystery of the Haunted Mansion,2022-11-22 18:43:47,true
1357,704,null,stories,The Journey to the Magical Land,2023-03-14 00:52:29,true
1358,867,null,stories,The Secret of the Enchanted Forest,2023-01-29 12:02:05,true
1359,680,null,stories,The Mystery of the Haunted Mansion,2023-07-08 22:02:28,true
1360,986,null,stories,The Quest for the Golden Key,2023-08-13 01:30:46,true
1361,278,null,stories,The Magical Potion of Immortality,2023-04-22 09:11:59,true
1362,705,null,stories,The Magical Potion of Immortality,2022-12-15 07:29:00,true
1363,924,null,stories,The Mystery of the Haunted Mansion,2023-09-17 21:42:58,true
1364,581,null,stories,The Journey to the Magical Land,2022-10-28 07:39:05,true
1365,380,null,stories,The Secret of the Enchanted Forest,2023-02-25 03:00:02,true
1366,891,null,stories,The Secret of the Enchanted Forest,2023-06-26 01:30:59,true
1367,236,null,stories,The Magical Potion of Immortality,2023-02-01 17:22:11,true
1368,489,null,stories,The Secret of the Enchanted Forest,2023-08-14 17:10:53,true
1369,35,null,stories,The Quest for the Golden Key,2023-01-19 21:45:24,true
1370,263,null,stories,The Mystery of the Haunted Mansion,2023-05-08 15:04:01,true
1371,173,null,stories,The Legend of the Forgotten Kingdom,2023-09-12 22:44:55,true
1372,385,null,stories,The Adventure of the Lost Treasure,2022-12-28 18:26:06,true
1373,535,null,stories,The Mystery of the Haunted Mansion,2023-06-16 07:34:27,true
1374,324,null,stories,The Quest for the Crystal Skull,2023-08-16 10:07:23,true
1375,36,null,stories,The Magical Potion of Immortality,2023-05-26 14:33:49,true
1376,810,null,stories,The Curse of the Ancient Amulet,2023-05-24 23:49:01,true
1377,991,null,stories,The Secret of the Enchanted Forest,2022-11-19 03:18:20,true
1378,399,null,stories,The Quest for the Golden Key,2023-01-02 20:00:02,true
1379,60,null,stories,The Mystery of the Haunted Mansion,2023-08-09 04:03:54,true
1380,873,null,stories,The Quest for the Golden Key,2023-09-01 14:32:53,true
1381,988,null,stories,The Legend of the Forgotten Kingdom,2022-11-22 13:23:49,true
1382,91,null,stories,The Secret of the Enchanted Forest,2022-12-09 10:54:37,true
1383,46,null,stories,The Secret Agent's Mission,2023-04-05 01:21:10,true
1384,2,null,stories,The Quest for the Golden Key,2023-07-02 02:00:55,true
1385,330,null,stories,The Legend of the Forgotten Kingdom,2022-12-12 23:52:01,true
1386,365,null,stories,The Secret of the Enchanted Forest,2022-10-18 07:01:15,true
1387,481,null,stories,The Magical Potion of Immortality,2023-02-22 17:17:35,true
1388,469,null,stories,The Secret Agent's Mission,2023-08-31 07:16:09,true
1389,928,null,stories,The Quest for the Golden Key,2022-10-26 00:36:09,true
1390,420,null,stories,The Magical Potion of Immortality,2022-11-19 16:23:35,true
1391,565,null,stories,The Secret Agent's Mission,2023-01-21 20:42:54,true
1392,302,null,stories,The Secret of the Enchanted Forest,2023-02-28 00:47:30,true
1393,144,null,stories,The Mystery of the Haunted Mansion,2022-11-14 02:45:52,true
1394,386,null,stories,The Mystery of the Haunted Mansion,2023-04-14 16:06:20,true
1395,928,null,stories,The Journey to the Magical Land,2023-04-18 10:49:19,true
1396,26,null,stories,The Legend of the Forgotten Kingdom,2022-12-11 05:18:07,true
1397,748,null,stories,The Quest for the Crystal Skull,2023-06-18 21:48:05,true
1398,746,null,stories,The Secret of the Enchanted Forest,2022-11-18 00:01:02,true
1399,12,null,stories,The Mystery of the Haunted Mansion,2023-07-12 00:11:52,true
1400,114,null,stories,The Magical Potion of Immortality,2023-04-15 16:30:00,true
1401,158,null,stories,The Quest for the Golden Key,2023-02-23 00:06:51,true
1402,513,null,stories,The Mystery of the Haunted Mansion,2023-07-07 23:19:53,true
1403,783,null,stories,The Magical Potion of Immortality,2023-09-19 09:03:59,true
1404,217,null,stories,The Quest for the Crystal Skull,2023-09-30 04:10:28,true
1405,127,null,stories,The Mystery of the Haunted Mansion,2022-12-10 02:43:52,true
1406,364,null,stories,The Quest for the Crystal Skull,2023-09-08 01:20:58,true
1407,132,null,stories,The Magical Potion of Immortality,2023-01-14 16:55:15,true
1408,4,null,stories,The Legend of the Forgotten Kingdom,2023-09-27 19:31:58,true
1409,357,null,stories,The Quest for the Golden Key,2023-01-11 13:04:32,true
1410,928,null,stories,The Quest for the Crystal Skull,2023-06-15 13:44:16,true
1411,281,null,stories,The Secret of the Enchanted Forest,2022-12-25 02:46:12,true
1412,912,null,stories,The Curse of the Ancient Amulet,2023-07-26 22:38:04,true
1413,468,null,stories,The Adventure of the Lost Treasure,2023-10-05 04:44:41,true
1414,476,null,stories,The Quest for the Golden Key,2023-09-17 15:15:38,true
1415,366,null,stories,The Adventure of the Lost Treasure,2023-09-24 12:41:31,true
1416,680,null,stories,The Legend of the Forgotten Kingdom,2023-04-26 07:49:06,true
1417,920,null,stories,The Magical Potion of Immortality,2023-09-21 21:01:10,true
1418,773,null,stories,The Secret Agent's Mission,2023-05-24 22:16:03,true
1419,929,null,stories,The Secret of the Enchanted Forest,2022-12-19 07:56:20,true
1420,595,null,stories,The Magical Potion of Immortality,2023-04-12 12:50:04,true
1421,174,null,stories,The Quest for the Crystal Skull,2023-04-28 22:40:43,true
1422,367,null,stories,The Secret Agent's Mission,2023-07-06 04:36:10,true
1423,320,null,stories,The Quest for the Crystal Skull,2023-04-27 17:05:32,true
1424,506,null,stories,The Magical Potion of Immortality,2023-06-28 14:00:56,true
1425,302,null,stories,The Quest for the Crystal Skull,2023-02-09 20:38:51,true
1426,408,null,stories,The Secret of the Enchanted Forest,2023-01-27 19:40:23,true
1427,492,null,stories,The Legend of the Forgotten Kingdom,2022-12-12 18:05:13,true
1428,102,null,stories,The Curse of the Ancient Amulet,2022-12-07 04:38:17,true
1429,905,null,stories,The Magical Potion of Immortality,2023-09-15 17:28:26,true
1430,936,null,stories,The Secret Agent's Mission,2023-03-21 04:44:32,true
1431,252,null,stories,The Mystery of the Haunted Mansion,2023-08-12 08:20:58,true
1432,604,null,stories,The Legend of the Forgotten Kingdom,2023-01-19 20:20:10,true
1433,833,null,stories,The Mystery of the Haunted Mansion,2022-12-13 01:01:25,true
1434,603,null,stories,The Journey to the Magical Land,2023-06-29 01:16:21,true
1435,675,null,stories,The Curse of the Ancient Amulet,2023-03-19 06:52:52,true
1436,130,null,stories,The Secret Agent's Mission,2022-11-16 18:50:55,true
1437,12,null,stories,The Journey to the Magical Land,2023-04-17 10:20:46,true
1438,463,null,stories,The Legend of the Forgotten Kingdom,2023-06-17 17:35:41,true
1439,765,null,stories,The Curse of the Ancient Amulet,2023-05-30 08:01:06,true
1440,194,null,stories,The Adventure of the Lost Treasure,2023-07-30 00:45:32,true
1441,730,null,stories,The Quest for the Crystal Skull,2022-10-28 03:26:50,true
1442,115,null,stories,The Adventure of the Lost Treasure,2023-06-20 00:01:11,true
1443,389,null,stories,The Legend of the Forgotten Kingdom,2023-02-13 11:59:47,true
1444,122,null,stories,The Magical Potion of Immortality,2023-08-07 15:41:59,true
1445,773,null,stories,The Legend of the Forgotten Kingdom,2023-03-21 02:44:22,true
1446,19,null,stories,The Magical Potion of Immortality,2023-04-15 10:10:52,true
1447,263,null,stories,The Mystery of the Haunted Mansion,2023-07-31 20:18:07,true
1448,648,null,stories,The Journey to the Magical Land,2023-10-10 15:50:14,true
1449,399,null,stories,The Secret of the Enchanted Forest,2023-09-30 18:58:35,true
1450,117,null,stories,The Journey to the Magical Land,2023-01-29 21:09:07,true
1451,63,null,stories,The Adventure of the Lost Treasure,2023-08-19 20:03:56,true
1452,982,null,stories,The Mystery of the Haunted Mansion,2022-12-10 07:42:26,true
1453,263,null,stories,The Journey to the Magical Land,2023-09-26 19:30:41,true
1454,553,null,stories,The Secret Agent's Mission,2023-02-27 22:56:09,true
1455,309,null,stories,The Secret of the Enchanted Forest,2023-08-26 23:41:06,true
1456,704,null,stories,The Secret Agent's Mission,2023-09-14 02:10:13,true
1457,584,null,stories,The Secret of the Enchanted Forest,2023-08-16 04:02:59,true
1458,147,null,stories,The Journey to the Magical Land,2023-03-09 19:48:25,true
1459,144,null,stories,The Quest for the Crystal Skull,2023-04-19 05:11:04,true
1460,404,null,stories,The Adventure of the Lost Treasure,2023-08-24 13:27:22,true
1461,899,null,stories,The Magical Potion of Immortality,2023-09-07 02:05:20,true
1462,525,null,stories,The Journey to the Magical Land,2022-12-27 16:15:39,true
1463,407,null,stories,The Legend of the Forgotten Kingdom,2023-07-31 19:06:37,true
1464,278,null,stories,The Journey to the Magical Land,2022-11-13 09:50:22,true
1465,600,null,stories,The Quest for the Crystal Skull,2023-03-09 05:24:38,true
1466,631,null,stories,The Quest for the Golden Key,2023-05-22 12:16:03,true
1467,588,null,stories,The Mystery of the Haunted Mansion,2023-04-20 08:41:17,true
1468,349,null,stories,The Curse of the Ancient Amulet,2023-03-06 05:04:21,true
1469,883,null,stories,The Quest for the Crystal Skull,2023-08-15 22:03:03,true
1470,703,null,stories,The Quest for the Crystal Skull,2023-07-30 08:51:54,true
1471,361,null,stories,The Secret Agent's Mission,2023-01-06 11:28:10,true
1472,171,null,stories,The Mystery of the Haunted Mansion,2023-10-09 01:21:06,true
1473,700,null,stories,The Magical Potion of Immortality,2023-10-07 06:07:01,true
1474,565,null,stories,The Magical Potion of Immortality,2023-02-26 21:58:24,true
1475,998,null,stories,The Curse of the Ancient Amulet,2023-03-10 20:22:46,true
1476,598,null,stories,The Quest for the Crystal Skull,2023-08-19 05:57:40,true
1477,929,null,stories,The Mystery of the Haunted Mansion,2023-05-15 09:35:12,true
1478,26,null,stories,The Curse of the Ancient Amulet,2023-04-03 22:17:01,true
1479,710,null,stories,The Quest for the Crystal Skull,2022-11-14 14:02:01,true
1480,577,null,stories,The Secret Agent's Mission,2023-05-22 05:48:03,true
1481,234,null,stories,The Mystery of the Haunted Mansion,2023-04-15 03:09:20,true
1482,820,null,stories,The Journey to the Magical Land,2023-07-27 11:26:52,true
1483,476,null,stories,The Secret Agent's Mission,2022-12-09 10:34:26,true
1484,159,null,stories,The Adventure of the Lost Treasure,2023-05-16 19:45:29,true
1485,432,null,stories,The Magical Potion of Immortality,2023-01-09 00:07:06,true
1486,75,null,stories,The Secret of the Enchanted Forest,2022-11-09 06:22:56,true
1487,54,null,stories,The Quest for the Golden Key,2022-10-26 10:26:38,true
1488,815,null,stories,The Secret of the Enchanted Forest,2023-03-02 13:35:42,true
1489,338,null,stories,The Adventure of the Lost Treasure,2023-09-01 22:10:44,true
1490,476,null,stories,The Journey to the Magical Land,2022-11-12 15:17:09,true
1491,248,null,stories,The Secret of the Enchanted Forest,2023-01-07 02:45:10,true
1492,313,null,stories,The Magical Potion of Immortality,2023-04-19 17:27:06,true
1493,402,null,stories,The Mystery of the Haunted Mansion,2023-10-07 21:09:26,true
1494,544,null,stories,The Secret of the Enchanted Forest,2022-11-29 21:21:37,true
1495,130,null,stories,The Secret of the Enchanted Forest,2023-06-29 03:07:55,true
1496,666,null,stories,The Journey to the Magical Land,2023-07-28 12:13:02,true
1497,551,null,stories,The Secret Agent's Mission,2023-04-25 16:27:44,true
1498,973,null,stories,The Secret Agent's Mission,2022-10-29 11:27:53,true
1499,841,null,stories,The Quest for the Crystal Skull,2023-08-03 21:33:10,true
1500,520,null,stories,The Adventure of the Lost Treasure,2023-05-26 10:30:25,true
1501,648,null,stories,The Mystery of the Haunted Mansion,2023-01-30 15:11:33,true
1502,484,null,stories,The Quest for the Golden Key,2023-09-21 14:12:13,true
1503,299,null,stories,The Legend of the Forgotten Kingdom,2023-05-22 09:57:48,true
1504,686,null,stories,The Magical Potion of Immortality,2022-10-31 10:35:18,true
1505,156,null,stories,The Quest for the Crystal Skull,2023-04-13 07:53:34,true
1506,52,null,stories,The Quest for the Crystal Skull,2023-01-06 21:38:47,true
1507,940,null,stories,The Secret of the Enchanted Forest,2022-10-31 23:39:06,true
1508,258,null,stories,The Magical Potion of Immortality,2023-05-23 10:43:18,true
1509,549,null,stories,The Quest for the Golden Key,2023-01-12 20:29:10,true
1510,246,null,stories,The Quest for the Crystal Skull,2023-08-15 01:37:23,true
1511,862,null,stories,The Quest for the Crystal Skull,2023-01-09 19:55:59,true
1512,633,null,stories,The Journey to the Magical Land,2023-08-03 14:20:42,true
1513,148,null,stories,The Secret Agent's Mission,2023-10-05 12:01:40,true
1514,504,null,stories,The Mystery of the Haunted Mansion,2023-05-29 15:07:17,true
1515,832,null,stories,The Journey to the Magical Land,2023-06-05 11:05:51,true
1516,68,null,stories,The Secret Agent's Mission,2023-08-01 04:17:27,true
1517,205,null,stories,The Adventure of the Lost Treasure,2023-01-12 08:53:55,true
1518,76,null,stories,The Quest for the Golden Key,2023-10-01 01:59:27,true
1519,828,null,stories,The Adventure of the Lost Treasure,2022-11-16 21:16:19,true
1520,980,null,stories,The Mystery of the Haunted Mansion,2022-12-23 09:11:37,true
1521,771,null,stories,The Secret of the Enchanted Forest,2023-05-06 14:59:33,true
1522,952,null,stories,The Secret of the Enchanted Forest,2023-10-15 12:39:20,true
1523,313,null,stories,The Quest for the Golden Key,2023-09-01 04:33:04,true
1524,470,null,stories,The Quest for the Golden Key,2023-02-06 19:58:36,true
1525,974,null,stories,The Curse of the Ancient Amulet,2023-08-12 18:11:24,true
1526,70,null,stories,The Curse of the Ancient Amulet,2023-09-03 03:58:03,true
1527,194,null,stories,The Adventure of the Lost Treasure,2023-08-07 18:48:18,true
1528,347,null,stories,The Quest for the Crystal Skull,2023-06-27 20:01:14,true
1529,114,null,stories,The Adventure of the Lost Treasure,2023-09-30 00:42:54,true
1530,734,null,stories,The Curse of the Ancient Amulet,2023-08-10 23:34:19,true
1531,257,null,stories,The Journey to the Magical Land,2023-07-17 18:00:35,true
1532,998,null,stories,The Journey to the Magical Land,2023-06-21 19:22:52,true
1533,80,null,stories,The Journey to the Magical Land,2022-12-10 17:53:49,true
1534,225,null,stories,The Curse of the Ancient Amulet,2023-08-10 09:34:28,true
1535,947,null,stories,The Quest for the Golden Key,2023-06-26 07:07:13,true
1536,473,null,stories,The Legend of the Forgotten Kingdom,2023-05-03 08:22:55,true
1537,424,null,stories,The Mystery of the Haunted Mansion,2023-06-22 02:53:06,true
1538,921,null,stories,The Mystery of the Haunted Mansion,2023-04-12 16:46:42,true
1539,962,null,stories,The Curse of the Ancient Amulet,2023-09-12 15:36:08,true
1540,434,null,stories,The Journey to the Magical Land,2023-09-14 18:35:04,true
1541,447,null,stories,The Quest for the Golden Key,2023-03-17 00:58:45,true
1542,601,null,stories,The Adventure of the Lost Treasure,2023-03-14 06:57:21,true
1543,96,null,stories,The Curse of the Ancient Amulet,2023-09-26 22:35:04,true
1544,117,null,stories,The Secret of the Enchanted Forest,2023-06-14 11:19:48,true
1545,258,null,stories,The Legend of the Forgotten Kingdom,2022-10-30 12:14:32,true
1546,526,null,stories,The Magical Potion of Immortality,2023-06-29 22:59:54,true
1547,123,null,stories,The Adventure of the Lost Treasure,2023-06-21 12:06:04,true
1548,981,null,stories,The Curse of the Ancient Amulet,2022-12-02 09:38:31,true
1549,758,null,stories,The Legend of the Forgotten Kingdom,2023-09-01 11:28:28,true
1550,139,null,stories,The Quest for the Crystal Skull,2022-12-14 13:49:11,true
1551,867,null,stories,The Journey to the Magical Land,2023-10-04 07:32:28,true
1552,302,null,stories,The Secret of the Enchanted Forest,2023-06-17 01:21:02,true
1553,480,null,stories,The Quest for the Golden Key,2023-04-27 14:06:17,true
1554,835,null,stories,The Magical Potion of Immortality,2023-08-31 20:41:56,true
1555,34,null,stories,The Adventure of the Lost Treasure,2022-10-30 01:12:08,true
1556,959,null,stories,The Adventure of the Lost Treasure,2022-12-23 15:15:42,true
1557,281,null,stories,The Secret of the Enchanted Forest,2023-02-27 12:44:30,true
1558,658,null,stories,The Legend of the Forgotten Kingdom,2023-02-11 15:47:35,true
1559,730,null,stories,The Secret Agent's Mission,2023-10-14 05:46:42,true
1560,486,null,stories,The Magical Potion of Immortality,2022-12-03 22:22:35,true
1561,559,null,stories,The Secret Agent's Mission,2023-05-28 03:30:00,true
1562,721,null,stories,The Curse of the Ancient Amulet,2023-03-06 02:41:58,true
1563,299,null,stories,The Curse of the Ancient Amulet,2022-12-24 04:17:39,true
1564,174,null,stories,The Legend of the Forgotten Kingdom,2023-01-04 12:01:28,true
1565,190,null,stories,The Quest for the Golden Key,2023-04-01 22:22:21,true
1566,665,null,stories,The Magical Potion of Immortality,2023-04-06 03:18:20,true
1567,55,null,stories,The Curse of the Ancient Amulet,2023-06-04 22:47:14,true
1568,267,null,stories,The Secret of the Enchanted Forest,2023-09-02 02:32:54,true
1569,983,null,stories,The Legend of the Forgotten Kingdom,2023-06-12 11:56:05,true
1570,849,null,stories,The Secret Agent's Mission,2022-12-15 03:54:46,true
1571,61,null,stories,The Secret of the Enchanted Forest,2023-03-27 04:45:07,true
1572,835,null,stories,The Quest for the Crystal Skull,2023-07-02 19:46:02,true
1573,215,null,stories,The Secret Agent's Mission,2023-07-18 21:16:40,true
1574,808,null,stories,The Journey to the Magical Land,2023-04-18 12:30:01,true
1575,10,null,stories,The Secret Agent's Mission,2023-05-21 02:17:45,true
1576,905,null,stories,The Mystery of the Haunted Mansion,2022-11-13 23:57:35,true
1577,615,null,stories,The Secret Agent's Mission,2022-10-19 15:21:49,true
1578,923,null,stories,The Adventure of the Lost Treasure,2023-07-22 05:17:08,true
1579,198,null,stories,The Quest for the Golden Key,2023-03-24 16:10:56,true
1580,719,null,stories,The Secret Agent's Mission,2023-05-06 20:39:53,true
1581,377,null,stories,The Magical Potion of Immortality,2022-10-17 14:31:36,true
1582,812,null,stories,The Secret Agent's Mission,2023-01-21 07:53:21,true
1583,487,null,stories,The Legend of the Forgotten Kingdom,2023-10-07 09:35:19,true
1584,809,null,stories,The Magical Potion of Immortality,2023-01-21 19:41:20,true
1585,218,null,stories,The Adventure of the Lost Treasure,2022-11-07 05:45:34,true
1586,603,null,stories,The Quest for the Golden Key,2023-09-29 19:20:36,true
1587,452,null,stories,The Mystery of the Haunted Mansion,2022-11-09 22:07:17,true
1588,137,null,stories,The Quest for the Golden Key,2023-09-01 05:56:41,true
1589,59,null,stories,The Curse of the Ancient Amulet,2022-11-12 02:39:35,true
1590,778,null,stories,The Magical Potion of Immortality,2023-10-08 16:55:11,true
1591,571,null,stories,The Adventure of the Lost Treasure,2023-08-03 23:23:14,true
1592,150,null,stories,The Mystery of the Haunted Mansion,2023-09-08 01:02:54,true
1593,750,null,stories,The Mystery of the Haunted Mansion,2023-03-03 10:58:52,true
1594,431,null,stories,The Secret Agent's Mission,2022-12-06 23:33:24,true
1595,864,null,stories,The Magical Potion of Immortality,2022-12-23 03:42:53,true
1596,107,null,stories,The Secret of the Enchanted Forest,2023-02-04 16:32:45,true
1597,315,null,stories,The Quest for the Golden Key,2023-02-15 17:21:45,true
1598,419,null,stories,The Quest for the Golden Key,2023-05-10 21:25:15,true
1599,650,null,stories,The Legend of the Forgotten Kingdom,2023-02-18 09:04:17,true
1600,975,null,stories,The Mystery of the Haunted Mansion,2023-08-28 05:52:08,true
1601,748,null,stories,The Mystery of the Haunted Mansion,2023-02-06 07:51:11,true
1602,764,null,stories,The Quest for the Golden Key,2023-10-02 18:25:44,true
1603,485,null,stories,The Adventure of the Lost Treasure,2022-11-09 09:38:04,true
1604,379,null,stories,The Curse of the Ancient Amulet,2023-01-15 21:52:00,true
1605,258,null,stories,The Secret of the Enchanted Forest,2022-11-11 04:49:59,true
1606,322,null,stories,The Journey to the Magical Land,2023-05-31 00:07:29,true
1607,779,null,stories,The Quest for the Crystal Skull,2023-06-20 19:28:52,true
1608,829,null,stories,The Legend of the Forgotten Kingdom,2023-08-10 06:22:40,true
1609,168,null,stories,The Legend of the Forgotten Kingdom,2023-04-28 15:29:56,true
1610,837,null,stories,The Quest for the Golden Key,2023-01-29 12:49:41,true
1611,974,null,stories,The Legend of the Forgotten Kingdom,2023-06-23 02:42:32,true
1612,817,null,stories,The Curse of the Ancient Amulet,2023-06-24 14:30:17,true
1613,3,null,stories,The Curse of the Ancient Amulet,2022-10-23 09:24:13,true
1614,282,null,stories,The Mystery of the Haunted Mansion,2022-11-18 12:34:33,true
1615,142,null,stories,The Journey to the Magical Land,2023-01-06 21:08:34,true
1616,997,null,stories,The Secret Agent's Mission,2022-11-28 12:49:06,true
1617,959,null,stories,The Mystery of the Haunted Mansion,2023-07-22 09:45:37,true
1618,139,null,stories,The Legend of the Forgotten Kingdom,2023-01-03 06:57:27,true
1619,603,null,stories,The Secret of the Enchanted Forest,2023-04-02 04:46:02,true
1620,916,null,stories,The Mystery of the Haunted Mansion,2022-12-02 12:48:00,true
1621,110,null,stories,The Quest for the Golden Key,2023-05-09 17:24:11,true
1622,569,null,stories,The Curse of the Ancient Amulet,2023-02-11 02:53:54,true
1623,545,null,stories,The Journey to the Magical Land,2022-12-01 05:08:30,true
1624,510,null,stories,The Secret Agent's Mission,2023-04-25 19:48:58,true
1625,12,null,stories,The Legend of the Forgotten Kingdom,2023-01-24 03:25:32,true
1626,58,null,stories,The Secret of the Enchanted Forest,2023-07-13 12:47:19,true
1627,860,null,stories,The Secret Agent's Mission,2023-07-10 15:30:23,true
1628,149,null,stories,The Mystery of the Haunted Mansion,2023-03-27 05:50:57,true
1629,303,null,stories,The Quest for the Golden Key,2023-02-08 01:17:50,true
1630,940,null,stories,The Legend of the Forgotten Kingdom,2023-09-02 00:36:27,true
1631,428,null,stories,The Magical Potion of Immortality,2022-12-21 18:20:40,true
1632,729,null,stories,The Secret of the Enchanted Forest,2023-03-13 19:19:45,true
1633,109,null,stories,The Quest for the Golden Key,2023-10-07 05:25:19,true
1634,344,null,stories,The Legend of the Forgotten Kingdom,2023-05-06 07:22:32,true
1635,656,null,stories,The Secret of the Enchanted Forest,2023-03-02 04:37:14,true
1636,423,null,stories,The Secret Agent's Mission,2023-06-19 09:26:59,true
1637,710,null,stories,The Quest for the Golden Key,2023-08-13 23:22:39,true
1638,765,null,stories,The Mystery of the Haunted Mansion,2023-09-16 09:47:42,true
1639,399,null,stories,The Secret Agent's Mission,2022-12-23 23:01:47,true
1640,320,null,stories,The Magical Potion of Immortality,2023-01-09 03:21:43,true
1641,276,null,stories,The Legend of the Forgotten Kingdom,2023-02-03 05:22:27,true
1642,479,null,stories,The Quest for the Golden Key,2023-08-03 05:47:39,true
1643,362,null,stories,The Adventure of the Lost Treasure,2022-12-13 15:44:49,true
1644,879,null,stories,The Secret of the Enchanted Forest,2022-11-03 17:07:35,true
1645,683,null,stories,The Quest for the Crystal Skull,2023-08-04 16:01:16,true
1646,744,null,stories,The Journey to the Magical Land,2023-06-03 23:00:08,true
1647,385,null,stories,The Mystery of the Haunted Mansion,2023-03-20 02:49:39,true
1648,903,null,stories,The Quest for the Golden Key,2023-01-15 22:44:12,true
1649,28,null,stories,The Journey to the Magical Land,2023-05-07 08:23:16,true
1650,853,null,stories,The Magical Potion of Immortality,2022-12-04 04:39:31,true
1651,801,null,stories,The Quest for the Crystal Skull,2023-01-27 22:48:07,true
1652,873,null,stories,The Secret Agent's Mission,2023-05-17 05:56:48,true
1653,234,null,stories,The Legend of the Forgotten Kingdom,2023-04-07 07:42:20,true
1654,858,null,stories,The Journey to the Magical Land,2023-09-23 05:53:30,true
1655,121,null,stories,The Secret of the Enchanted Forest,2023-02-28 11:58:23,true
1656,685,null,stories,The Legend of the Forgotten Kingdom,2023-10-05 18:22:15,true
1657,669,null,stories,The Secret Agent's Mission,2023-06-25 06:25:49,true
1658,541,null,stories,The Journey to the Magical Land,2023-08-30 05:46:08,true
1659,615,null,stories,The Quest for the Golden Key,2023-03-04 12:03:43,true
1660,665,null,stories,The Mystery of the Haunted Mansion,2023-01-23 09:09:49,true
1661,879,null,stories,The Secret Agent's Mission,2022-12-29 05:48:50,true
1662,629,null,stories,The Mystery of the Haunted Mansion,2023-08-06 21:33:58,true
1663,171,null,stories,The Secret of the Enchanted Forest,2023-09-28 05:02:16,true
1664,61,null,stories,The Magical Potion of Immortality,2023-09-08 13:38:44,true
1665,441,null,stories,The Mystery of the Haunted Mansion,2023-06-06 10:49:58,true
1666,447,null,stories,The Secret of the Enchanted Forest,2022-12-15 03:04:12,true
1667,281,null,stories,The Curse of the Ancient Amulet,2022-12-11 01:33:15,true
1668,926,null,stories,The Adventure of the Lost Treasure,2023-01-14 14:20:55,true
1669,814,null,stories,The Magical Potion of Immortality,2023-02-18 12:38:24,true
1670,779,null,stories,The Adventure of the Lost Treasure,2022-11-02 10:44:58,true
1671,454,null,stories,The Quest for the Crystal Skull,2022-11-26 21:55:52,true
1672,147,null,stories,The Mystery of the Haunted Mansion,2023-10-14 17:01:16,true
1673,307,null,stories,The Secret of the Enchanted Forest,2022-12-25 09:49:55,true
1674,684,null,stories,The Magical Potion of Immortality,2023-04-07 06:16:09,true
1675,742,null,stories,The Quest for the Crystal Skull,2023-06-24 05:49:11,true
1676,220,null,stories,The Adventure of the Lost Treasure,2023-04-03 05:15:04,true
1677,524,null,stories,The Quest for the Golden Key,2023-05-07 00:57:29,true
1678,951,null,stories,The Quest for the Crystal Skull,2023-06-13 05:26:18,true
1679,373,null,stories,The Curse of the Ancient Amulet,2023-07-20 14:12:59,true
1680,948,null,stories,The Magical Potion of Immortality,2023-02-21 03:46:20,true
1681,271,null,stories,The Quest for the Golden Key,2023-07-31 08:45:10,true
1682,230,null,stories,The Curse of the Ancient Amulet,2022-12-09 22:35:00,true
1683,583,null,stories,The Magical Potion of Immortality,2022-10-24 00:31:08,true
1684,441,null,stories,The Journey to the Magical Land,2022-11-13 15:14:48,true
1685,513,null,stories,The Quest for the Crystal Skull,2023-07-11 18:53:55,true
1686,935,null,stories,The Mystery of the Haunted Mansion,2023-07-31 05:51:33,true
1687,875,null,stories,The Magical Potion of Immortality,2022-12-11 11:42:02,true
1688,978,null,stories,The Quest for the Crystal Skull,2023-05-29 10:00:37,true
1689,817,null,stories,The Legend of the Forgotten Kingdom,2023-06-14 22:26:16,true
1690,811,null,stories,The Magical Potion of Immortality,2023-06-09 14:45:14,true
1691,645,null,stories,The Legend of the Forgotten Kingdom,2023-05-29 02:17:03,true
1692,567,null,stories,The Quest for the Crystal Skull,2023-02-11 02:50:13,true
1693,335,null,stories,The Quest for the Golden Key,2023-08-09 02:49:10,true
1694,2,null,stories,The Legend of the Forgotten Kingdom,2023-03-22 20:19:37,true
1695,760,null,stories,The Legend of the Forgotten Kingdom,2023-08-04 11:12:47,true
1696,403,null,stories,The Legend of the Forgotten Kingdom,2023-04-30 16:39:41,true
1697,840,null,stories,The Secret Agent's Mission,2023-06-04 16:17:26,true
1698,14,null,stories,The Quest for the Golden Key,2022-10-31 23:02:36,true
1699,939,null,stories,The Journey to the Magical Land,2023-02-02 13:42:06,true
1700,934,null,stories,The Curse of the Ancient Amulet,2023-01-30 09:04:03,true
1701,612,null,stories,The Curse of the Ancient Amulet,2022-10-27 00:58:17,true
1702,97,null,stories,The Magical Potion of Immortality,2022-12-20 15:29:20,true
1703,480,null,stories,The Quest for the Crystal Skull,2023-04-14 04:16:28,true
1704,584,null,stories,The Secret of the Enchanted Forest,2023-09-16 19:22:44,true
1705,410,null,stories,The Adventure of the Lost Treasure,2023-01-20 02:23:03,true
1706,691,null,stories,The Secret Agent's Mission,2023-01-11 06:37:06,true
1707,88,null,stories,The Quest for the Golden Key,2022-11-19 12:24:01,true
1708,405,null,stories,The Secret Agent's Mission,2023-02-23 05:14:29,true
1709,360,null,stories,The Curse of the Ancient Amulet,2023-01-09 00:14:04,true
1710,476,null,stories,The Mystery of the Haunted Mansion,2023-08-04 08:10:37,true
1711,156,null,stories,The Secret of the Enchanted Forest,2023-06-14 13:15:36,true
1712,607,null,stories,The Quest for the Golden Key,2023-07-15 15:21:41,true
1713,114,null,stories,The Quest for the Crystal Skull,2022-12-03 06:13:41,true
1714,874,null,stories,The Magical Potion of Immortality,2023-08-25 09:39:30,true
1715,771,null,stories,The Magical Potion of Immortality,2023-05-10 00:29:22,true
1716,59,null,stories,The Mystery of the Haunted Mansion,2023-09-01 20:49:10,true
1717,621,null,stories,The Secret Agent's Mission,2023-07-08 20:26:59,true
1718,521,null,stories,The Secret Agent's Mission,2023-06-02 13:29:06,true
1719,930,null,stories,The Journey to the Magical Land,2023-06-20 11:59:48,true
1720,749,null,stories,The Quest for the Golden Key,2023-08-01 08:46:43,true
1721,278,null,stories,The Quest for the Crystal Skull,2023-05-30 04:32:47,true
1722,632,null,stories,The Mystery of the Haunted Mansion,2023-04-21 14:04:56,true
1723,3,null,stories,The Magical Potion of Immortality,2023-10-13 18:00:22,true
1724,846,null,stories,The Quest for the Crystal Skull,2023-09-02 19:38:05,true
1725,914,null,stories,The Quest for the Golden Key,2023-02-05 03:14:33,true
1726,823,null,stories,The Secret Agent's Mission,2023-09-16 07:01:39,true
1727,781,null,stories,The Secret of the Enchanted Forest,2022-11-28 17:15:59,true
1728,49,null,stories,The Secret Agent's Mission,2023-03-29 21:59:40,true
1729,885,null,stories,The Mystery of the Haunted Mansion,2022-12-05 10:25:18,true
1730,504,null,stories,The Quest for the Crystal Skull,2023-02-02 23:39:23,true
1731,794,null,stories,The Secret of the Enchanted Forest,2023-04-23 17:16:26,true
1732,512,null,stories,The Quest for the Crystal Skull,2023-01-24 16:32:19,true
1733,473,null,stories,The Journey to the Magical Land,2023-01-12 21:26:11,true
1734,472,null,stories,The Quest for the Golden Key,2022-12-01 10:23:52,true
1735,153,null,stories,The Quest for the Golden Key,2023-07-26 04:45:55,true
1736,553,null,stories,The Legend of the Forgotten Kingdom,2023-07-13 03:56:02,true
1737,930,null,stories,The Magical Potion of Immortality,2022-11-07 17:16:51,true
1738,839,null,stories,The Magical Potion of Immortality,2023-05-03 05:15:07,true
1739,655,null,stories,The Quest for the Golden Key,2023-06-01 18:30:07,true
1740,513,null,stories,The Mystery of the Haunted Mansion,2023-09-11 05:29:41,true
1741,779,null,stories,The Mystery of the Haunted Mansion,2023-03-03 12:36:31,true
1742,671,null,stories,The Journey to the Magical Land,2022-11-08 09:59:26,true
1743,188,null,stories,The Secret of the Enchanted Forest,2022-12-12 13:52:59,true
1744,125,null,stories,The Curse of the Ancient Amulet,2023-01-21 00:41:50,true
1745,898,null,stories,The Legend of the Forgotten Kingdom,2023-07-02 01:11:03,true
1746,720,null,stories,The Secret of the Enchanted Forest,2023-05-22 11:13:30,true
1747,395,null,stories,The Journey to the Magical Land,2023-09-18 09:35:28,true
1748,886,null,stories,The Magical Potion of Immortality,2023-07-18 20:11:55,true
1749,82,null,stories,The Secret of the Enchanted Forest,2023-05-28 03:58:02,true
1750,164,null,stories,The Adventure of the Lost Treasure,2023-06-13 15:24:03,true
1751,883,null,stories,The Legend of the Forgotten Kingdom,2023-05-24 16:39:42,true
1752,219,null,stories,The Mystery of the Haunted Mansion,2022-12-30 10:59:28,true
1753,52,null,stories,The Curse of the Ancient Amulet,2023-01-28 01:36:21,true
1754,179,null,stories,The Curse of the Ancient Amulet,2022-11-08 06:10:10,true
1755,983,null,stories,The Magical Potion of Immortality,2023-04-28 05:56:55,true
1756,482,null,stories,The Curse of the Ancient Amulet,2023-08-08 18:49:33,true
1757,326,null,stories,The Quest for the Crystal Skull,2023-01-23 12:44:32,true
1758,365,null,stories,The Secret Agent's Mission,2023-06-24 18:32:18,true
1759,162,null,stories,The Quest for the Crystal Skull,2023-01-01 19:45:06,true
1760,377,null,stories,The Mystery of the Haunted Mansion,2023-10-07 05:01:10,true
1761,950,null,stories,The Adventure of the Lost Treasure,2023-09-23 16:51:30,true
1762,879,null,stories,The Quest for the Crystal Skull,2023-02-28 08:21:42,true
1763,196,null,stories,The Quest for the Crystal Skull,2023-01-14 01:14:29,true
1764,930,null,stories,The Journey to the Magical Land,2023-02-15 04:12:06,true
1765,197,null,stories,The Mystery of the Haunted Mansion,2022-10-18 23:44:39,true
1766,768,null,stories,The Secret of the Enchanted Forest,2023-03-05 03:50:34,true
1767,948,null,stories,The Journey to the Magical Land,2023-01-19 21:23:54,true
1768,36,null,stories,The Quest for the Crystal Skull,2023-09-28 13:32:12,true
1769,563,null,stories,The Mystery of the Haunted Mansion,2023-04-04 00:20:14,true
1770,572,null,stories,The Quest for the Golden Key,2022-11-03 07:45:44,true
1771,344,null,stories,The Adventure of the Lost Treasure,2023-10-13 00:47:28,true
1772,236,null,stories,The Quest for the Crystal Skull,2023-09-19 03:31:45,true
1773,433,null,stories,The Secret of the Enchanted Forest,2023-08-05 02:49:40,true
1774,886,null,stories,The Quest for the Crystal Skull,2022-12-19 17:47:13,true
1775,386,null,stories,The Secret of the Enchanted Forest,2023-01-18 22:05:59,true
1776,569,null,stories,The Magical Potion of Immortality,2022-12-13 10:40:18,true
1777,638,null,stories,The Curse of the Ancient Amulet,2022-10-28 03:04:02,true
1778,26,null,stories,The Secret Agent's Mission,2023-01-01 02:09:29,true
1779,926,null,stories,The Quest for the Golden Key,2023-02-02 00:16:08,true
1780,892,null,stories,The Legend of the Forgotten Kingdom,2023-05-17 23:12:18,true
1781,52,null,stories,The Magical Potion of Immortality,2023-04-29 18:53:07,true
1782,984,null,stories,The Journey to the Magical Land,2023-07-26 01:06:41,true
1783,859,null,stories,The Secret Agent's Mission,2023-06-17 09:45:12,true
1784,447,null,stories,The Magical Potion of Immortality,2023-03-21 05:43:00,true
1785,157,null,stories,The Curse of the Ancient Amulet,2023-05-08 12:34:35,true
1786,702,null,stories,The Quest for the Golden Key,2023-08-30 19:36:02,true
1787,608,null,stories,The Journey to the Magical Land,2023-07-30 12:43:01,true
1788,426,null,stories,The Mystery of the Haunted Mansion,2023-01-07 00:00:54,true
1789,973,null,stories,The Curse of the Ancient Amulet,2023-04-24 16:58:56,true
1790,381,null,stories,The Adventure of the Lost Treasure,2023-02-14 11:36:32,true
1791,849,null,stories,The Mystery of the Haunted Mansion,2023-02-24 05:45:20,true
1792,737,null,stories,The Quest for the Golden Key,2023-06-10 05:27:45,true
1793,593,null,stories,The Journey to the Magical Land,2023-05-17 14:38:00,true
1794,324,null,stories,The Quest for the Crystal Skull,2023-06-30 20:41:50,true
1795,200,null,stories,The Secret Agent's Mission,2023-03-23 16:24:37,true
1796,556,null,stories,The Curse of the Ancient Amulet,2023-10-07 05:42:05,true
1797,180,null,stories,The Journey to the Magical Land,2023-02-27 22:39:31,true
1798,553,null,stories,The Secret Agent's Mission,2023-01-28 22:00:09,true
1799,237,null,stories,The Legend of the Forgotten Kingdom,2023-03-29 19:17:46,true
1800,414,null,stories,The Journey to the Magical Land,2022-10-16 21:38:20,true
1801,813,null,stories,The Secret of the Enchanted Forest,2023-07-03 16:47:55,true
1802,201,null,stories,The Mystery of the Haunted Mansion,2023-01-06 04:04:41,true
1803,605,null,stories,The Mystery of the Haunted Mansion,2023-09-09 07:29:10,true
1804,443,null,stories,The Adventure of the Lost Treasure,2023-08-24 23:46:20,true
1805,107,null,stories,The Magical Potion of Immortality,2023-08-13 23:13:19,true
1806,418,null,stories,The Curse of the Ancient Amulet,2023-05-01 21:55:26,true
1807,252,null,stories,The Journey to the Magical Land,2023-10-04 02:54:11,true
1808,36,null,stories,The Secret Agent's Mission,2023-06-02 22:15:25,true
1809,559,null,stories,The Curse of the Ancient Amulet,2023-04-04 10:06:04,true
1810,53,null,stories,The Quest for the Crystal Skull,2022-12-21 15:17:09,true
1811,509,null,stories,The Quest for the Crystal Skull,2023-06-28 09:16:26,true
1812,361,null,stories,The Adventure of the Lost Treasure,2022-10-19 13:09:26,true
1813,160,null,stories,The Magical Potion of Immortality,2023-02-04 01:52:43,true
1814,550,null,stories,The Secret Agent's Mission,2022-11-20 15:34:06,true
1815,581,null,stories,The Secret of the Enchanted Forest,2023-08-12 08:08:50,true
1816,256,null,stories,The Magical Potion of Immortality,2023-09-29 20:59:40,true
1817,58,null,stories,The Legend of the Forgotten Kingdom,2023-08-20 20:29:53,true
1818,627,null,stories,The Journey to the Magical Land,2023-04-16 09:22:55,true
1819,252,null,stories,The Secret of the Enchanted Forest,2022-12-01 23:52:47,true
1820,676,null,stories,The Magical Potion of Immortality,2022-12-26 22:38:24,true
1821,863,null,stories,The Curse of the Ancient Amulet,2023-05-28 07:27:36,true
1822,412,null,stories,The Magical Potion of Immortality,2022-11-22 07:45:15,true
1823,724,null,stories,The Legend of the Forgotten Kingdom,2023-01-07 09:24:48,true
1824,769,null,stories,The Curse of the Ancient Amulet,2023-09-30 14:57:45,true
1825,155,null,stories,The Mystery of the Haunted Mansion,2023-01-14 06:08:58,true
1826,231,null,stories,The Legend of the Forgotten Kingdom,2022-11-22 03:53:15,true
1827,403,null,stories,The Curse of the Ancient Amulet,2023-05-17 08:27:43,true
1828,929,null,stories,The Secret of the Enchanted Forest,2023-03-01 17:55:36,true
1829,52,null,stories,The Journey to the Magical Land,2023-01-27 09:31:29,true
1830,410,null,stories,The Secret of the Enchanted Forest,2023-06-23 07:42:50,true
1831,383,null,stories,The Curse of the Ancient Amulet,2023-01-01 00:29:54,true
1832,914,null,stories,The Quest for the Golden Key,2023-05-21 00:03:07,true
1833,81,null,stories,The Adventure of the Lost Treasure,2023-05-06 09:59:17,true
1834,811,null,stories,The Adventure of the Lost Treasure,2022-11-24 02:53:55,true
1835,778,null,stories,The Quest for the Crystal Skull,2022-10-25 23:53:12,true
1836,517,null,stories,The Journey to the Magical Land,2023-05-10 15:08:24,true
1837,367,null,stories,The Curse of the Ancient Amulet,2023-04-04 17:43:56,true
1838,528,null,stories,The Quest for the Golden Key,2022-10-23 20:34:27,true
1839,278,null,stories,The Quest for the Crystal Skull,2022-11-25 07:13:31,true
1840,369,null,stories,The Quest for the Crystal Skull,2023-05-16 17:57:40,true
1841,421,null,stories,The Mystery of the Haunted Mansion,2022-12-29 11:05:26,true
1842,55,null,stories,The Quest for the Crystal Skull,2022-11-07 08:04:53,true
1843,598,null,stories,The Secret of the Enchanted Forest,2022-10-28 19:33:53,true
1844,121,null,stories,The Curse of the Ancient Amulet,2023-08-14 12:19:49,true
1845,893,null,stories,The Legend of the Forgotten Kingdom,2023-10-11 23:47:01,true
1846,627,null,stories,The Mystery of the Haunted Mansion,2023-07-25 17:42:22,true
1847,168,null,stories,The Secret of the Enchanted Forest,2023-04-14 23:15:28,true
1848,887,null,stories,The Mystery of the Haunted Mansion,2023-06-20 17:15:16,true
1849,72,null,stories,The Mystery of the Haunted Mansion,2023-06-20 06:29:54,true
1850,167,null,stories,The Secret Agent's Mission,2023-04-19 01:21:24,true
1851,5,null,stories,The Magical Potion of Immortality,2023-06-22 20:04:35,true
1852,964,null,stories,The Mystery of the Haunted Mansion,2023-09-19 13:26:18,true
1853,415,null,stories,The Quest for the Golden Key,2022-12-15 17:14:44,true
1854,276,null,stories,The Quest for the Crystal Skull,2023-03-18 12:29:58,true
1855,394,null,stories,The Quest for the Golden Key,2022-12-13 22:26:30,true
1856,857,null,stories,The Secret Agent's Mission,2023-04-04 14:34:54,true
1857,738,null,stories,The Quest for the Crystal Skull,2023-01-22 21:44:45,true
1858,851,null,stories,The Secret Agent's Mission,2023-01-17 18:58:54,true
1859,53,null,stories,The Adventure of the Lost Treasure,2023-10-05 10:28:20,true
1860,195,null,stories,The Curse of the Ancient Amulet,2023-06-12 05:59:09,true
1861,484,null,stories,The Secret Agent's Mission,2023-01-11 05:30:36,true
1862,679,null,stories,The Quest for the Golden Key,2023-04-28 12:13:35,true
1863,169,null,stories,The Curse of the Ancient Amulet,2023-03-05 10:42:35,true
1864,704,null,stories,The Legend of the Forgotten Kingdom,2023-04-27 13:12:33,true
1865,248,null,stories,The Curse of the Ancient Amulet,2023-01-22 06:20:35,true
1866,3,null,stories,The Secret of the Enchanted Forest,2023-02-24 16:48:50,true
1867,377,null,stories,The Quest for the Golden Key,2023-09-17 00:19:39,true
1868,165,null,stories,The Journey to the Magical Land,2023-03-16 20:12:09,true
1869,127,null,stories,The Mystery of the Haunted Mansion,2023-03-02 10:07:39,true
1870,111,null,stories,The Curse of the Ancient Amulet,2022-11-01 03:17:14,true
1871,991,null,stories,The Mystery of the Haunted Mansion,2022-12-01 19:41:09,true
1872,497,null,stories,The Secret Agent's Mission,2023-06-04 02:11:34,true
1873,239,null,stories,The Journey to the Magical Land,2023-01-27 11:58:20,true
1874,347,null,stories,The Mystery of the Haunted Mansion,2023-08-23 02:29:05,true
1875,581,null,stories,The Quest for the Crystal Skull,2023-06-23 05:14:14,true
1876,343,null,stories,The Secret Agent's Mission,2023-05-17 22:12:07,true
1877,870,null,stories,The Secret of the Enchanted Forest,2023-05-27 02:35:44,true
1878,124,null,stories,The Adventure of the Lost Treasure,2023-10-03 16:14:43,true
1879,162,null,stories,The Curse of the Ancient Amulet,2023-06-28 13:44:25,true
1880,329,null,stories,The Mystery of the Haunted Mansion,2023-08-30 07:54:41,true
1881,266,null,stories,The Adventure of the Lost Treasure,2023-01-27 13:40:26,true
1882,232,null,stories,The Secret of the Enchanted Forest,2022-12-10 10:52:22,true
1883,992,null,stories,The Curse of the Ancient Amulet,2023-05-13 02:28:36,true
1884,973,null,stories,The Quest for the Crystal Skull,2023-06-04 17:52:24,true
1885,622,null,stories,The Mystery of the Haunted Mansion,2023-06-14 15:13:06,true
1886,799,null,stories,The Adventure of the Lost Treasure,2023-07-14 09:57:44,true
1887,192,null,stories,The Quest for the Crystal Skull,2023-07-30 20:15:01,true
1888,305,null,stories,The Mystery of the Haunted Mansion,2023-02-21 11:08:10,true
1889,734,null,stories,The Journey to the Magical Land,2023-07-20 10:51:44,true
1890,892,null,stories,The Quest for the Golden Key,2023-01-26 15:20:13,true
1891,129,null,stories,The Mystery of the Haunted Mansion,2023-09-16 14:38:24,true
1892,356,null,stories,The Quest for the Golden Key,2023-07-19 05:04:28,true
1893,782,null,stories,The Secret of the Enchanted Forest,2022-11-08 23:45:05,true
1894,876,null,stories,The Quest for the Crystal Skull,2023-07-03 06:53:01,true
1895,820,null,stories,The Secret of the Enchanted Forest,2023-10-06 17:34:08,true
1896,918,null,stories,The Curse of the Ancient Amulet,2023-01-12 08:07:49,true
1897,443,null,stories,The Journey to the Magical Land,2022-11-15 17:31:26,true
1898,633,null,stories,The Mystery of the Haunted Mansion,2023-07-28 21:44:45,true
1899,490,null,stories,The Quest for the Crystal Skull,2023-02-11 01:03:14,true
1900,437,null,stories,The Journey to the Magical Land,2023-06-13 22:00:34,true
1901,462,null,stories,The Quest for the Crystal Skull,2023-01-13 15:47:20,true
1902,533,null,stories,The Secret Agent's Mission,2023-05-04 02:17:39,true
1903,341,null,stories,The Magical Potion of Immortality,2023-08-12 07:37:45,true
1904,226,null,stories,The Curse of the Ancient Amulet,2023-08-23 21:51:05,true
1905,84,null,stories,The Curse of the Ancient Amulet,2023-06-24 18:38:49,true
1906,559,null,stories,The Magical Potion of Immortality,2022-12-01 16:28:25,true
1907,954,null,stories,The Magical Potion of Immortality,2022-12-06 01:29:46,true
1908,109,null,stories,The Adventure of the Lost Treasure,2022-12-11 08:41:53,true
1909,587,null,stories,The Quest for the Crystal Skull,2023-06-27 04:19:32,true
1910,137,null,stories,The Secret Agent's Mission,2023-06-24 02:50:59,true
1911,501,null,stories,The Curse of the Ancient Amulet,2023-06-26 21:44:18,true
1912,35,null,stories,The Curse of the Ancient Amulet,2023-06-26 09:29:02,true
1913,675,null,stories,The Quest for the Crystal Skull,2023-03-25 16:52:06,true
1914,559,null,stories,The Quest for the Golden Key,2023-09-05 20:03:28,true
1915,491,null,stories,The Secret of the Enchanted Forest,2023-02-01 17:39:30,true
1916,888,null,stories,The Journey to the Magical Land,2023-01-29 15:57:13,true
1917,33,null,stories,The Secret Agent's Mission,2023-07-20 04:15:43,true
1918,75,null,stories,The Journey to the Magical Land,2022-12-02 13:18:45,true
1919,973,null,stories,The Legend of the Forgotten Kingdom,2022-12-28 12:19:16,true
1920,334,null,stories,The Quest for the Golden Key,2023-10-06 02:22:05,true
1921,142,null,stories,The Secret Agent's Mission,2022-11-04 19:53:07,true
1922,143,null,stories,The Legend of the Forgotten Kingdom,2023-03-30 16:34:07,true
1923,873,null,stories,The Secret Agent's Mission,2023-01-18 18:27:58,true
1924,440,null,stories,The Legend of the Forgotten Kingdom,2023-01-04 22:50:23,true
1925,244,null,stories,The Legend of the Forgotten Kingdom,2022-12-12 23:17:23,true
1926,586,null,stories,The Quest for the Crystal Skull,2023-03-23 16:01:56,true
1927,246,null,stories,The Adventure of the Lost Treasure,2023-06-07 18:37:20,true
1928,672,null,stories,The Secret Agent's Mission,2023-08-18 14:46:12,true
1929,356,null,stories,The Legend of the Forgotten Kingdom,2023-04-19 10:57:34,true
1930,799,null,stories,The Secret Agent's Mission,2023-03-12 00:34:25,true
1931,137,null,stories,The Secret Agent's Mission,2023-01-26 01:40:30,true
1932,1000,null,stories,The Quest for the Golden Key,2023-06-26 00:18:27,true
1933,8,null,stories,The Quest for the Crystal Skull,2023-02-27 11:40:33,true
1934,321,null,stories,The Secret of the Enchanted Forest,2023-06-12 15:29:28,true
1935,672,null,stories,The Journey to the Magical Land,2022-11-20 02:25:26,true
1936,685,null,stories,The Journey to the Magical Land,2023-08-06 06:33:17,true
1937,921,null,stories,The Quest for the Crystal Skull,2023-06-16 23:38:36,true
1938,900,null,stories,The Journey to the Magical Land,2023-04-29 13:42:06,true
1939,685,null,stories,The Mystery of the Haunted Mansion,2023-04-08 14:51:21,true
1940,518,null,stories,The Magical Potion of Immortality,2023-03-12 23:57:14,true
1941,998,null,stories,The Secret of the Enchanted Forest,2023-06-30 22:35:57,true
1942,799,null,stories,The Curse of the Ancient Amulet,2023-02-12 07:47:55,true
1943,112,null,stories,The Curse of the Ancient Amulet,2023-02-13 09:20:17,true
1944,947,null,stories,The Secret of the Enchanted Forest,2023-10-04 01:10:41,true
1945,217,null,stories,The Secret of the Enchanted Forest,2023-08-03 05:07:48,true
1946,84,null,stories,The Legend of the Forgotten Kingdom,2023-10-06 06:44:13,true
1947,136,null,stories,The Secret of the Enchanted Forest,2023-08-22 23:46:11,true
1948,381,null,stories,The Curse of the Ancient Amulet,2023-01-31 11:05:50,true
1949,21,null,stories,The Secret of the Enchanted Forest,2023-10-01 12:22:33,true
1950,330,null,stories,The Adventure of the Lost Treasure,2023-08-29 15:48:47,true
1951,716,null,stories,The Curse of the Ancient Amulet,2022-11-14 04:20:01,true
1952,950,null,stories,The Adventure of the Lost Treasure,2023-01-11 00:16:54,true
1953,686,null,stories,The Secret Agent's Mission,2023-01-20 14:13:10,true
1954,316,null,stories,The Mystery of the Haunted Mansion,2022-11-20 23:50:54,true
1955,659,null,stories,The Magical Potion of Immortality,2023-05-27 07:11:02,true
1956,5,null,stories,The Quest for the Golden Key,2023-04-02 23:06:17,true
1957,760,null,stories,The Adventure of the Lost Treasure,2023-05-07 08:57:35,true
1958,635,null,stories,The Magical Potion of Immortality,2023-05-17 18:47:46,true
1959,260,null,stories,The Curse of the Ancient Amulet,2023-06-07 16:26:25,true
1960,906,null,stories,The Journey to the Magical Land,2023-08-05 04:23:30,true
1961,689,null,stories,The Adventure of the Lost Treasure,2023-06-07 17:35:32,true
1962,974,null,stories,The Secret Agent's Mission,2023-05-03 19:42:43,true
1963,287,null,stories,The Adventure of the Lost Treasure,2023-01-12 05:20:04,true
1964,638,null,stories,The Magical Potion of Immortality,2023-06-23 17:44:57,true
1965,196,null,stories,The Legend of the Forgotten Kingdom,2022-11-04 19:06:59,true
1966,668,null,stories,The Journey to the Magical Land,2023-05-13 00:33:57,true
1967,77,null,stories,The Secret of the Enchanted Forest,2023-01-08 01:38:47,true
1968,852,null,stories,The Adventure of the Lost Treasure,2022-12-23 19:32:40,true
1969,713,null,stories,The Curse of the Ancient Amulet,2023-09-16 13:48:01,true
1970,352,null,stories,The Magical Potion of Immortality,2023-04-29 21:51:27,true
1971,177,null,stories,The Secret of the Enchanted Forest,2023-04-05 22:36:43,true
1972,989,null,stories,The Journey to the Magical Land,2023-09-12 20:18:06,true
1973,1,null,stories,The Mystery of the Haunted Mansion,2023-06-01 12:02:09,true
1974,383,null,stories,The Mystery of the Haunted Mansion,2022-12-26 06:58:33,true
1975,794,null,stories,The Journey to the Magical Land,2023-05-27 00:08:45,true
1976,757,null,stories,The Quest for the Crystal Skull,2023-09-05 03:52:15,true
1977,398,null,stories,The Mystery of the Haunted Mansion,2023-06-05 14:56:20,true
1978,757,null,stories,The Secret Agent's Mission,2023-09-21 16:11:26,true
1979,158,null,stories,The Adventure of the Lost Treasure,2023-10-02 02:15:51,true
1980,688,null,stories,The Legend of the Forgotten Kingdom,2022-11-19 05:28:38,true
1981,196,null,stories,The Mystery of the Haunted Mansion,2023-07-09 14:42:13,true
1982,349,null,stories,The Secret Agent's Mission,2023-01-27 16:51:55,true
1983,389,null,stories,The Mystery of the Haunted Mansion,2022-11-22 12:22:29,true
1984,138,null,stories,The Magical Potion of Immortality,2023-03-03 21:16:02,true
1985,855,null,stories,The Secret of the Enchanted Forest,2023-04-03 04:44:37,true
1986,511,null,stories,The Secret of the Enchanted Forest,2023-02-23 01:37:22,true
1987,684,null,stories,The Quest for the Golden Key,2022-12-24 15:35:43,true
1988,259,null,stories,The Adventure of the Lost Treasure,2023-09-18 09:02:55,true
1989,329,null,stories,The Secret Agent's Mission,2023-01-29 05:15:02,true
1990,189,null,stories,The Secret Agent's Mission,2023-07-22 17:43:46,true
1991,954,null,stories,The Journey to the Magical Land,2023-01-06 15:15:01,true
1992,90,null,stories,The Magical Potion of Immortality,2023-04-20 10:01:45,true
1993,496,null,stories,The Magical Potion of Immortality,2023-04-22 16:13:30,true
1994,404,null,stories,The Adventure of the Lost Treasure,2023-10-06 07:22:41,true
1995,488,null,stories,The Legend of the Forgotten Kingdom,2023-07-19 19:42:35,true
1996,900,null,stories,The Quest for the Golden Key,2023-05-11 03:52:11,true
1997,601,null,stories,The Secret Agent's Mission,2023-10-06 11:35:35,true
1998,693,null,stories,The Adventure of the Lost Treasure,2023-04-16 06:09:04,true
1999,943,null,stories,The Quest for the Crystal Skull,2023-05-28 19:51:50,true
2000,363,null,stories,The Adventure of the Lost Treasure,2022-12-29 01:32:23,true
