user_id,user_name,user_email,user_password
1,Orel Stollenberg,ostollenberg0@joomla.org,bM7@@hZD<UrZwIN/
2,Johannes Coneybeare,jconeybeare1@twitter.com,vF4#A5=u\=t
3,Germain Hirtzmann,ghirtzmann2@about.me,zH5~FF`)
4,Erena Fotherby,efotherby3@ucsd.edu,pU5?N@WgB/.o0%V
5,Euell Jossum,ejossum4@photobucket.com,zA5?(IAf
6,Garreth Wordley,gwordley5@oracle.com,"iX5""Dd)E"
7,Tersina Prestage,tprestage6@google.ru,pU7~>?HfkN.ck2T
8,Jonas Sodeau,jsodeau7@ihg.com,rY2%)in=*m7XQ6E
9,Othella Carhart,ocarhart8@springer.com,hA8'q>TWa(6A
10,Kerr Gutierrez,kgutierrez9@toplist.cz,"lF7=.d)6C""d=uX)"
11,Dolley Dumper,ddumpera@blinklist.com,hK9/Hqb'h`\!9f8
12,Xever Dickerline,xdickerlineb@ucla.edu,bB1*@_ZW
13,Milli Taffs,mtaffsc@gravatar.com,lC6'`9#h
14,Christy Hornig,chornigd@redcross.org,kO6`PG$t
15,Val Farryan,vfarryane@tinypic.com,gZ9{&<e~S%6z
16,Isaiah Shillinglaw,ishillinglawf@nifty.com,"hI0'2vgr|*R""`C{"
17,Massimiliano Le Franc,mleg@stumbleupon.com,"yF6{qBJ}AcMw<,"
18,Conrado Dawe,cdaweh@etsy.com,cZ6)$Szk4
19,Maximo Waddam,mwaddami@dropbox.com,"iZ6>&""1)4Nb=VRE#"
20,Else Salzburg,esalzburgj@ucsd.edu,cO4@yTqnY!CjE8
21,Enoch De Metz,edek@aol.com,uW1%neI\n0fl/Rz
22,Poul Splain,psplainl@squidoo.com,"mF2~0G/hF""~f"
23,Constance Yelden,cyeldenm@bigcartel.com,"jG9(!1<*+!_JR,H"
24,Susann Oda,sodan@marriott.com,"wC9_,1rz154L*xu"
25,Valentino Raggitt,vraggitto@1688.com,tN9/Zf1w8|Q
26,Carlina Devon,cdevonp@sfgate.com,eH3$FUYnN3
27,Luelle Mudle,lmudleq@irs.gov,"jK9=lK""elw4<t"
28,Benjy Gregolotti,bgregolottir@tmall.com,iS2$BEIO6V7
29,Ronny Yellowlea,ryellowleas@umn.edu,jX9(J@7j{9i}2yJ
30,Dinny Delahunty,ddelahuntyt@ucoz.ru,jJ1{<.=wI#3{HeM
31,Cami Sculpher,csculpheru@flavors.me,"zW9~""$qW9Ku""Xq>("
32,Ag Vondra,avondrav@artisteer.com,xT3>}#JBClXZ\tfT
33,Floyd Jeannon,fjeannonw@go.com,xS3'+}mPr`M}6<1
34,Lou Alyukin,lalyukinx@nsw.gov.au,qI8@VO\&M
35,Alyosha Arlidge,aarlidgey@nytimes.com,"zE9/O{#a(),?"
36,Calhoun Howett,chowettz@t-online.de,"yY4""BX`0VD_K"
37,Glen Heeron,gheeron10@myspace.com,zV4`WlQ_|v
38,Nataline Iorio,niorio11@wikipedia.org,"nJ7}B""QXle,$nQt"
39,Tammi Hakonsen,thakonsen12@biblegateway.com,"mT8.a?""DR(V@O+"
40,Bealle Ragat,bragat13@linkedin.com,fG2&}CluF
41,Philbert Oscroft,poscroft14@cocolog-nifty.com,iZ7)*Lf_0t2S@
42,Ainslie Crum,acrum15@addtoany.com,sZ5?EBb8ozlaX
43,Lewiss Beeho,lbeeho16@imgur.com,iD0_i5RF6jA
44,Karissa Esland,kesland17@globo.com,"aW2|3i,,"
45,Alric Eynon,aeynon18@ft.com,fZ1>@}dmmP$m%nzk
46,Raye Spaunton,rspaunton19@mediafire.com,pU0_/g/#wj'/f
47,Valentia Guerrero,vguerrero1a@php.net,kL1_d77\`#UwA\
48,Edith Houlden,ehoulden1b@si.edu,rT2{>D+'#luO5@y
49,Ida Harvatt,iharvatt1c@furl.net,"gH5""ExV|""CZJ"
50,Leandra Simukov,lsimukov1d@weibo.com,hU5`_vS!m>@W2eZ}
51,Nicky Empson,nempson1e@columbia.edu,gZ3}Dkl\vu2.mb
52,Merle Jorden,mjorden1f@live.com,aM9.3<C.BE2D%TK
53,Kameko Harbage,kharbage1g@yahoo.co.jp,iX9=eoV4z(#
54,Tab Quinet,tquinet1h@furl.net,"bZ7""tmmW"""
55,Dolly McKay,dmckay1i@indiatimes.com,cF6&bOXK?E
56,Marlowe Fihelly,mfihelly1j@whitehouse.gov,pA7@P6*Et%c5s
57,Alanna Isted,aisted1k@amazon.co.jp,vP3%VYI&}&Frjt\~
58,Marlo Everingham,meveringham1l@ustream.tv,qK9)U/j.0%)
59,Roanne Emmison,remmison1m@ucoz.com,mO4}aAl9?
60,Hilary Rutley,hrutley1n@behance.net,aD8_<$S)jD(Mwgg
61,Traci Banasiak,tbanasiak1o@sohu.com,yC5}Kig93O%D$G?U
62,Natassia Buckler,nbuckler1p@eventbrite.com,oB2%9>>Mg
63,Emmy Janaud,ejanaud1q@sitemeter.com,"lA1/,hr>7m++z>a"
64,Gianna Trousdell,gtrousdell1r@gravatar.com,iG9@x)?ne3R&p
65,Livvy Hargrave,lhargrave1s@spotify.com,pT9`9SAKITn6?<
66,Thomas Barrass,tbarrass1t@google.co.uk,vL2?UM(O
67,Raf Itzkovwitch,ritzkovwitch1u@census.gov,yK3_q&yK(Cw~GW|
68,Bonny Aspinal,baspinal1v@cam.ac.uk,sL0.i}$(RrN7ej{
69,Connie Burndred,cburndred1w@hud.gov,uK3~'f*c=
70,Mohandas Cogdon,mcogdon1x@livejournal.com,"nZ9%V""/Z0Y>(5*"
71,Alvie Vicent,avicent1y@ifeng.com,"wV3,""Zzn"
72,Laryssa Hammer,lhammer1z@businessinsider.com,"qK3&vZpVvr($g,zY"
73,Luella McClelland,lmcclelland20@irs.gov,"iQ6*o""q<"
74,Sander Davion,sdavion21@edublogs.org,"bW1*Cg\d7""lJ\M"
75,Berna Solley,bsolley22@quantcast.com,"kT5_""tBgG"
76,Wilek Dutt,wdutt23@aol.com,qN3&%hQz}5
77,Shela Garioch,sgarioch24@4shared.com,"aO8+icC@d|o@3D"""
78,Drucie Soggee,dsoggee25@webs.com,pT4|9n7pf1
79,Domenic Sharer,dsharer26@cyberchimps.com,"hG8\a!(ink,Ttk"
80,Timothea Leavy,tleavy27@cargocollective.com,sP6%\zV+|
81,Ruprecht Titcom,rtitcom28@va.gov,lP8#vcfx9at!
82,Frans Yve,fyve29@columbia.edu,wH0`B@1x
83,Lizbeth Glasson,lglasson2a@unc.edu,uY7/1Af=#\s
84,Zarah Gandar,zgandar2b@cargocollective.com,iJ1|rs_RFGX'3*V(
85,Ronna Lukehurst,rlukehurst2c@skyrock.com,sC6}Jbe=oY
86,Maryjane Holsall,mholsall2d@usgs.gov,lZ2+Q'QGNFenD
87,Brande Memory,bmemory2e@tripadvisor.com,cM4'5Cf(H%=)#q
88,Ashton Losseljong,alosseljong2f@google.com.au,pK3<gdyZeQ
89,Danell MacElroy,dmacelroy2g@google.co.jp,bD1@Gza.+&K.%
90,Iona Waddams,iwaddams2h@samsung.com,"lI6/,(/3~nv"
91,Nanine Dentith,ndentith2i@reuters.com,wG1}ay%_\m3_Vy
92,Gayleen Mcimmie,gmcimmie2j@edublogs.org,"dO7)Xvea9,B"
93,Emory Blanko,eblanko2k@bloglines.com,hR5)`sQsxe(y
94,Batholomew Cuckoo,bcuckoo2l@t-online.de,uN5#i!9=}TG8a4
95,Tabbie Manley,tmanley2m@latimes.com,pC2!.DfS*8wrnE3H
96,Vivianne Turn,vturn2n@bloglovin.com,gD8|w|\6nrWYj&
97,Nickie Swynley,nswynley2o@imageshack.us,dD9>>ZZHiDKJo7#
98,Cthrine Tuttiett,ctuttiett2p@gizmodo.com,xB9?j91iCP!J/k.
99,Smitty Lamberti,slamberti2q@google.cn,"bT6#}nCQKw5AhX,"
100,Bailie Oselton,boselton2r@ovh.net,nI2>vu2Wp!Y\y
101,Sianna Ramalhete,sramalhete2s@gravatar.com,"bA1.Y,0!i13Ek68P"
102,Juliet Biagini,jbiagini2t@thetimes.co.uk,aR0>yxn|?yXc
103,Valli Raatz,vraatz2u@un.org,oG3_y9vx
104,Alister Chandlar,achandlar2v@trellian.com,iM7_IjkpNy=
105,Winnie O'Dowd,wodowd2w@weebly.com,eM6=}{QQNy\'
106,Morganne Beccera,mbeccera2x@goo.gl,mI4\_hs{C30Pw39
107,Beatrice Tull,btull2y@soundcloud.com,"iF2""&5F'D}q0v$bz"
108,Town Krinks,tkrinks2z@china.com.cn,jS1)Bz*e8
109,Camila Ledrane,cledrane30@goo.gl,jV2'!5~C
110,Ruy Squibbes,rsquibbes31@home.pl,rH3\/Gziy
111,Zach Birnie,zbirnie32@hud.gov,lG6}TAti<3
112,Heidie Whife,hwhife33@cisco.com,tG6#B<sNZ&t2JT#
113,Maximilian Blazeby,mblazeby34@amazonaws.com,gH5_h?}t_
114,Renell Hymus,rhymus35@comcast.net,"hA6!F_""""f"
115,Livia Milhench,lmilhench36@jigsy.com,oZ3$O*Xv=Xje
116,Gale de Bullion,gde37@blogtalkradio.com,"uM4.,3OSVjc"
117,Barbe Shade,bshade38@theatlantic.com,gE7&H`v3)l
118,Angelico Sperwell,asperwell39@live.com,"qO4,J82cO%?xqt"
119,Karrie Gorioli,kgorioli3a@about.com,nM9!)omDgPK.PytL
120,Livvy Howman,lhowman3b@elpais.com,iN5{rG`c42XA_jn
121,Danell Janse,djanse3c@hubpages.com,uY2}Ic2NiLTh#
122,Fredericka Demougeot,fdemougeot3d@51.la,"aY4)x+QN=i,J""',"
123,Fitzgerald Steuhlmeyer,fsteuhlmeyer3e@bloglines.com,oY6(=#kmVC
124,Gearard Gummary,ggummary3f@creativecommons.org,xM2.qm?{l6~ZT
125,Shea Davenhall,sdavenhall3g@com.com,rZ8}}YWd~
126,Celestina Goulden,cgoulden3h@senate.gov,"kE9'Fh,I)c>.y"
127,Nick Ravenscroft,nravenscroft3i@dion.ne.jp,"mV5'""px8&xu%Vf="
128,Byram Dieton,bdieton3j@webmd.com,zS0}0)%{'
129,Lorens Laboune,llaboune3k@printfriendly.com,wJ8\Es)6z#QN1
130,Auberon Lebbon,alebbon3l@1und1.de,hF6&%#tI.i0oDIA
131,Annabal Passion,apassion3m@dell.com,gK5`Hq2\g%R(tAL
132,Marcie Teague,mteague3n@nationalgeographic.com,nS4'II>*!R0
133,Nicolas Jannings,njannings3o@seattletimes.com,sY1=x&X!Z
134,Beryl Alexandrescu,balexandrescu3p@miibeian.gov.cn,gL7@1nZha*>A5i/
135,Wilfred Kolinsky,wkolinsky3q@odnoklassniki.ru,"yI6""!Ce*.U"
136,Tish Bartkowiak,tbartkowiak3r@free.fr,"rZ8'm,Sq'K"
137,Fons Payle,fpayle3s@networkadvertising.org,rA4`eH1nP
138,Thomasine Christensen,tchristensen3t@stanford.edu,kU3`8KB@O6
139,Nissie Clougher,nclougher3u@sourceforge.net,mD5!Eh29T6&9
140,Lyndel Fairy,lfairy3v@jugem.jp,"tX8>U5V""{{%i"
141,Celisse Padillo,cpadillo3w@yelp.com,"aU5&ok,$5x@"
142,Hermione Farleigh,hfarleigh3x@ifeng.com,oK7'FvI6Q5|(E\
143,Caralie Lidster,clidster3y@constantcontact.com,"hZ9\p2tn*k#5""\"
144,Schuyler Stocking,sstocking3z@trellian.com,kH0(|5*R
145,Marjorie Tebbet,mtebbet40@alibaba.com,hK1??Q0GB(B_Z!q
146,Darryl Domenc,ddomenc41@nifty.com,hE0|TgDX1_F_JX$6
147,Tiphanie Sivyer,tsivyer42@jugem.jp,vG9<*uG>z~|%6
148,Dominique Real,dreal43@wp.com,tG1'3VP\0ULN6X
149,Augusta Brandes,abrandes44@tamu.edu,"rN4>/zd@VmR,L2"
150,Nicolina Bartomeu,nbartomeu45@google.nl,lS2/whU5nM
151,Ricki Bohje,rbohje46@cornell.edu,"uF9,U<1DzrR~z?"
152,Shawna Trittam,strittam47@youtube.com,pN8(}1#U*DzhT'
153,Gaelan Kenforth,gkenforth48@globo.com,xJ1#5A14p
154,Rufus Bellefonte,rbellefonte49@goo.gl,sR9%x#1|n6{A
155,Alisander Nuccitelli,anuccitelli4a@salon.com,pZ9/\3wG.f+{ZF
156,Nicol Cornish,ncornish4b@slideshare.net,iQ6>jbs0@4y$I
157,Kiel Ninnoli,kninnoli4c@wikipedia.org,gA2)ZLX`
158,Erastus Zettoi,ezettoi4d@reference.com,"eZ2/SA8BtkE*E""/1"
159,Sandra McGeorge,smcgeorge4e@friendfeed.com,cQ2%xkK(sQcN)
160,Lana McCready,lmccready4f@google.com.au,xL3/2S|Iz>Kp+
161,Mirabel Reagan,mreagan4g@latimes.com,vM8@$@rNZDj#
162,Beatrisa Maloney,bmaloney4h@admin.ch,pU5~n8d@/E~C0x
163,Colly Malshinger,cmalshinger4i@google.de,eM2(d16'.I(WUzx
164,Michal Portress,mportress4j@psu.edu,yC8.EIjTIAj.~1=
165,Lois Lillico,llillico4k@nps.gov,iR8@`9w&~&
166,Kenyon Fist,kfist4l@feedburner.com,tD6}\I%R
167,Adaline Taylder,ataylder4m@ycombinator.com,nF4|8IGT3{p3I
168,Kelsi Cheshir,kcheshir4n@blogs.com,hT4&%<NG
169,Brandi Cattle,bcattle4o@booking.com,oU5\>/hUk8}Q
170,Brynne Otton,botton4p@deliciousdays.com,"zW7,X=7Y&X5MN0A"
171,Priscilla Merkle,pmerkle4q@google.nl,hD8!J@8i6<}{tuiA
172,Bendicty Conaboy,bconaboy4r@exblog.jp,kK7*tWd~9\3$
173,Lewie Adamo,ladamo4s@aboutads.info,kN2*Cpr.O9
174,Fred Windham,fwindham4t@usatoday.com,xA3)F?|{dBN|{t
175,Brandy Dutnell,bdutnell4u@jiathis.com,bT9/'%wjl|
176,Gherardo Nairns,gnairns4v@yale.edu,xX4@(`P#4EkUd?/
177,Ellene Fourcade,efourcade4w@issuu.com,rM8@{E6'cWuWa1h`
178,Paxton Arguile,parguile4x@indiatimes.com,dI6}h.oYsp0Lh9/
179,Antonin Smaleman,asmaleman4y@statcounter.com,jD4|!uDIr86
180,Marta Figgs,mfiggs4z@ihg.com,wU8)~bs7a0{U7
181,Pail Paoletti,ppaoletti50@vk.com,"oV3!t5E~u""`"
182,Reece Khomin,rkhomin51@sohu.com,"gT6{G_mdr9\of"""
183,Bria Stonuary,bstonuary52@stumbleupon.com,sK9}z4>frnyF
184,Victor Holyard,vholyard53@google.com.au,fR0)%(J~nVUb
185,Jesus Baptista,jbaptista54@va.gov,xR7\5a?0}+Zo
186,Rufus Prandini,rprandini55@sbwire.com,gB9<7G+*1
187,Merla Dumingos,mdumingos56@csmonitor.com,"wB6\gXbf9z""8f*"
188,Maryanna MacIlory,mmacilory57@economist.com,mH4&y9**P
189,Hilary Ledgley,hledgley58@lulu.com,sY6_Xj'8
190,Kristo Feaver,kfeaver59@oaic.gov.au,pJ1!_~rw\Fh
191,Robinett Torfin,rtorfin5a@wordpress.org,xR0.i./3
192,Rudolfo Leyman,rleyman5b@guardian.co.uk,"qD9,yN)h+Ej3"
193,Clio Collopy,ccollopy5c@pagesperso-orange.fr,oU6=QFbl4
194,Garrek Jacobsz,gjacobsz5d@mozilla.com,bS7/BUC22D4#b8*|
195,Moll Romushkin,mromushkin5e@cornell.edu,"yD7\i,tB!mV@cl"
196,Elsy O'Heyne,eoheyne5f@wordpress.com,uY6{wJBfY*@f#w
197,Gwennie Leatherland,gleatherland5g@spotify.com,kE7>vyg=BWYgP
198,Salvatore Corragan,scorragan5h@paypal.com,yW0$gFov.|6Rj(>
199,Casey Weatherhead,cweatherhead5i@list-manage.com,yZ7<hcx_YxxC|&U&
200,Merrill Niland,mniland5j@qq.com,dG6&%V2e1hZ71
201,Hashim Trainer,htrainer5k@wikia.com,"xW2<2&,si<(h.j,"
202,Bennie Rubel,brubel5l@prweb.com,hH6/R1bhxk8R4
203,Damita Martensen,dmartensen5m@i2i.jp,gF3%i71z$
204,Birch Yakovliv,byakovliv5n@forbes.com,zZ9<T8gV0|~F
205,Royall Chelley,rchelley5o@hibu.com,nQ9+trh!{n90qkM)
206,Moyra Ben-Aharon,mbenaharon5p@sogou.com,xM1#7Cs62
207,Fanechka Yeldham,fyeldham5q@mlb.com,"cA8)TtOK1""Ya`\`"
208,Alaric Newman,anewman5r@cbsnews.com,mY1|O\Fonb0Gf
209,Horacio Antoszczyk,hantoszczyk5s@eventbrite.com,sK9}e#$Y6pHs.
210,Coral Blazey,cblazey5t@nbcnews.com,qV5`J1_V8CDqS/
211,Babs Boulsher,bboulsher5u@livejournal.com,vQ8@GZXU!Lf9gH
212,Connie Rudgley,crudgley5v@altervista.org,vM3=Zl.}
213,Nalani Suggey,nsuggey5w@seattletimes.com,"zK4$.F"".`>KK<L"
214,Curtice Pennington,cpennington5x@homestead.com,hA7\TUn}(J@&g+
215,Hart McGeaney,hmcgeaney5y@dyndns.org,"nT6,Z`B6)FE"
216,Emmie Joncic,ejoncic5z@unesco.org,bW9_OIGNw9~+
217,Barbabas Jumont,bjumont60@sfgate.com,tG4}uv2'xckJcs
218,Jade Daid,jdaid61@tinyurl.com,jM5\D0gWRROJl9
219,Yvonne Goudy,ygoudy62@example.com,tL0<v\peD0%xK
220,Shana Gilbride,sgilbride63@1und1.de,eH0~&pX/`{AZX
221,Hedi Redmire,hredmire64@eventbrite.com,dX3+1=+T|K!XC
222,Bradney Chaikovski,bchaikovski65@cargocollective.com,uX0>MX#kb|l!WKa
223,Lynett Lipp,llipp66@shop-pro.jp,oA6>BLV+lDUa`
224,Shaina Feathers,sfeathers67@webnode.com,nW7==8c$
225,Inigo Santoro,isantoro68@reddit.com,xP3`t6mMu
226,Jacquenetta Hexum,jhexum69@springer.com,"xJ8`$9eW0m*_,8|"
227,Catriona Sandifer,csandifer6a@cmu.edu,rE7/J{t5o
228,Johna Metterick,jmetterick6b@fema.gov,mB7}/dD5WWu>DIJ
229,Eldredge Abramzon,eabramzon6c@biblegateway.com,fI7!fmKLmZ~wN_ww
230,Cosette Shevell,cshevell6d@mozilla.com,bC6~rroL)@%{!iYX
231,Sidnee Kegley,skegley6e@cornell.edu,qI1~W%\8
232,Care Dovidaitis,cdovidaitis6f@earthlink.net,"fA3(4JYYCkQ8+"""
233,Roldan Duchasteau,rduchasteau6g@businesswire.com,iQ4<FyFU
234,Helaine Becke,hbecke6h@chronoengine.com,"sR6{~,4f"
235,Madelle Tosney,mtosney6i@mediafire.com,"pL7%|+AOM,'n1F\O"
236,Frants Holttom,fholttom6j@clickbank.net,nS7(Z#(YqPD!|
237,Hubie O'Hagirtie,hohagirtie6k@theguardian.com,aE1/hgrWy=RNwOl
238,Sela Willas,swillas6l@unblog.fr,"pK5%_v_@%o,7="
239,Isidora Bunn,ibunn6m@instagram.com,vK1}/bUM
240,Arin Meadowcraft,ameadowcraft6n@washingtonpost.com,tJ9)>R3**o9vh
241,Karon Byforth,kbyforth6o@ovh.net,pV1=9=?>v$FsZ
242,Floria Hehnke,fhehnke6p@digg.com,aZ0|N>C}
243,Luce Donahue,ldonahue6q@japanpost.jp,cS4{C`@MN`vo
244,Daveta Toy,dtoy6r@slideshare.net,"zF0_QJ,ij!Yvg90z"
245,Mathias Randle,mrandle6s@un.org,aC0=.mLA
246,Niki Alderwick,nalderwick6t@independent.co.uk,gF6~yaH2RX\D'qP}
247,Dru Arnault,darnault6u@webnode.com,rB4\D(e`h{O
248,Tabina Driffield,tdriffield6v@photobucket.com,mP1$vkrBH
249,Sayre Worg,sworg6w@hibu.com,lC1/>JsNG
250,Rosalie Kingsnoad,rkingsnoad6x@ebay.co.uk,pP9\giAnu*NU!f!P
251,Muffin Sheara,msheara6y@godaddy.com,oN6&>VoFn
252,Norrie Nevinson,nnevinson6z@telegraph.co.uk,aT4@_golY@\
253,Anna-diana Willshaw,awillshaw70@yelp.com,"cJ8<""nyq98Z"
254,Lucinda Bimson,lbimson71@dyndns.org,gJ8(Z5D&n)5Z
255,Inglis Guilder,iguilder72@github.com,rI0.\VCYvJ2
256,Sauveur Linch,slinch73@vinaora.com,aT4+H>eT4{YE7%<B
257,Aidan Le Clercq,ale74@ox.ac.uk,kK0(PUr<$
258,Antonin Brewood,abrewood75@comcast.net,iB8|Z77L(Ey0smNi
259,Carlen Meade,cmeade76@cnet.com,"uQ0|!cU%Oo,5+)O"
260,Way Forlonge,wforlonge77@uol.com.br,yB2|Oz~hwN9
261,Gibb Cleaves,gcleaves78@delicious.com,gB8`sfsBLLm5x0
262,Jo ann Jerromes,jann79@yale.edu,vO6(dz*n
263,Hilary Le Bosse,hle7a@themeforest.net,"kP3>GQLd,""Mtag"
264,Rosy Szimoni,rszimoni7b@comsenz.com,tX4=dP#1pb&)m
265,Marigold Kubec,mkubec7c@cnbc.com,dH4&)f@J
266,Phaedra Branson,pbranson7d@intel.com,nK2(4G)B
267,Lawrence Bulger,lbulger7e@elpais.com,qH8!o60`_
268,Rusty Stubbs,rstubbs7f@phpbb.com,uN2/$n$?vtzCjf
269,Effie Birdis,ebirdis7g@yale.edu,nY1&}&<L{
270,Andres Bunstone,abunstone7h@webmd.com,xY0|`1r=keB
271,Bernice Rispen,brispen7i@flavors.me,iF8~=9Uc.mC
272,Barbette Clooney,bclooney7j@hibu.com,nH4>no#In
273,Flossy Benardette,fbenardette7k@printfriendly.com,eT7~``ob?h*{($)
274,Rozalie Blacker,rblacker7l@kickstarter.com,vB6'yZMD
275,Rene Callister,rcallister7m@symantec.com,lH0=&B6p0.p84
276,Clyde Sidle,csidle7n@shop-pro.jp,jM7#x4%mhOvxQ\
277,Ollie Jeandin,ojeandin7o@biblegateway.com,oB6{Y3L7fL
278,Mufi Romaynes,mromaynes7p@google.ru,qW3+_<Kf'd
279,Tracey Robertsson,trobertsson7q@bizjournals.com,aL3=ll..o
280,Hewet Jacquemot,hjacquemot7r@mtv.com,jE6)A3+Dg<k%'B4x
281,Mel Mailey,mmailey7s@list-manage.com,fO9\soQLWHBoVys
282,Brandy McSherry,bmcsherry7t@blinklist.com,uJ4<FNpn&dp(T?
283,Jenni Curran,jcurran7u@un.org,xO7%O}/j?l$E_%L
284,Aubry Houselee,ahouselee7v@dailymail.co.uk,tO0+.9$g&`x
285,Romeo Leedal,rleedal7w@walmart.com,lY1@0&`W_<_
286,Rufe Slany,rslany7x@xinhuanet.com,gA5>gBW7KO00He
287,Marnie Fontell,mfontell7y@google.com,"wF3'|N<\IZ,uQ"
288,Andriana Pagin,apagin7z@mit.edu,nO5.x_Dlku4O
289,Millicent Goldwater,mgoldwater80@sogou.com,pO7@qhghx
290,Thorn Sapwell,tsapwell81@last.fm,qD7*6_+X01
291,Florinda Frost,ffrost82@google.cn,tU8#?)Ik=9#9J
292,Rodrigo Gerardi,rgerardi83@archive.org,lI5!7'9g\
293,Kessiah Casement,kcasement84@instagram.com,"nG5?I,zK9"
294,Pepillo Cumbers,pcumbers85@simplemachines.org,wM8)l5rS%>LK
295,Kahlil Deeprose,kdeeprose86@bloomberg.com,hT7)c_ZqBfP3Ox>
296,Ambrose Mitskevich,amitskevich87@fastcompany.com,sS7>4}HV*Ct$D
297,Damien Burling,dburling88@msn.com,"aA7,=dhT."
298,Alvina Wife,awife89@sogou.com,"pC6""+hGs7""$n"
299,Averil Ormerod,aormerod8a@slideshare.net,oQ5`xprass+Ya
300,Lanni Lockie,llockie8b@state.gov,vN3&KO#U9=f+v*03
301,Eirena Pyburn,epyburn8c@dailymotion.com,"kQ7@M0,2jP2aT"
302,Romola Scimoni,rscimoni8d@vistaprint.com,aU0~~.x{
303,Bord Dorant,bdorant8e@opera.com,bZ2'2b'9&$xOv6_
304,Bronnie Bambrick,bbambrick8f@blogs.com,nH5!.5aV=a_Uj
305,Gian Geoghegan,ggeoghegan8g@blogtalkradio.com,eH2#W(x>ne50
306,Gypsy Iacobo,giacobo8h@mozilla.com,"sU1.LkH,>Cv?7"
307,Martin Etoile,metoile8i@opera.com,zJ8{n4\&!A.Q>azV
308,Ketti Leathers,kleathers8j@paginegialle.it,kF3$xY!bHe&cSyw
309,Melamie Sergant,msergant8k@flickr.com,dN0.|fy><~
310,Travis Wroughton,twroughton8l@about.com,dB9$4..3E
311,Brandice Donalson,bdonalson8m@w3.org,aH4'<Z.&#
312,Rose MacFadzan,rmacfadzan8n@csmonitor.com,uE7%upmV`)4H
313,Kimble Kenworthey,kkenworthey8o@hugedomains.com,zQ7+tc`apV/
314,Hilton Hessentaler,hhessentaler8p@oakley.com,bQ0#$QTK<
315,Adolphe Lebell,alebell8q@digg.com,bA4(x9{59
316,Dame Enoksson,denoksson8r@nymag.com,tY4.Z.2WQ
317,Susann Collinwood,scollinwood8s@ebay.co.uk,"vW6""7yA2Lrk%"
318,Demetrius Crump,dcrump8t@umich.edu,gI4?67@S/e{k
319,Ronnica Mazillius,rmazillius8u@blogtalkradio.com,dH3%{WcUA?
320,Eberto Reveley,ereveley8v@yelp.com,zM2?ulTzxBK|
321,Fax Bulman,fbulman8w@twitter.com,aY9&'_9V$Y
322,Aurelie O'Dulchonta,aodulchonta8x@mashable.com,dP5=\WyAhmX>+?nv
323,Dacy Bettam,dbettam8y@e-recht24.de,dA4'I$+0
324,Hazel Pickston,hpickston8z@earthlink.net,wF0%PKOVDp4
325,Boonie Oakly,boakly90@wikimedia.org,gD2@+&>$\*B=j7KH
326,Jolee Zanicchelli,jzanicchelli91@marketwatch.com,kD8%UGiQ<m
327,Way Leatherbarrow,wleatherbarrow92@samsung.com,zU6@2?&j@u%X9
328,Vassili Lansberry,vlansberry93@google.ru,eA5!0sqi!7Kxxt
329,Bennie Dowderswell,bdowderswell94@weather.com,"qL8""dkEIn"
330,Dom Heliet,dheliet95@tuttocitta.it,"cA6,%+!??%*m5"
331,Cosimo Leglise,cleglise96@netvibes.com,vB8<Wnd0\mHG5
332,Nickolaus Pindar,npindar97@java.com,lW6#40fCq!%}u!.o
333,Susann Barenskie,sbarenskie98@freewebs.com,bH4(Hc3E2=wJ<w
334,Cornelia Greenstreet,cgreenstreet99@bandcamp.com,"bS4{,y&ID)?gf"
335,Deerdre Bacop,dbacop9a@dell.com,jJ6!8U$W3*w)5
336,Lyndsay Hardern,lhardern9b@prlog.org,wY5|Ak$TiQ9b?~=o
337,Henry Mosson,hmosson9c@twitter.com,"rR1>,V)#C<A6p7p"
338,Fin Burwood,fburwood9d@blog.com,cX9`$5&0?9A
339,Lynsey Esson,lesson9e@alexa.com,iL8<uNP#Og
340,Bertine Burnip,bburnip9f@themeforest.net,"pG2,04dx6"
341,Glyn Brabbs,gbrabbs9g@imageshack.us,gT7#c`oarRF1dR8&
342,Quinton Stolze,qstolze9h@pbs.org,vU6?tyvp`}duVHL
343,Newton MacKaig,nmackaig9i@answers.com,mX3!w(7l9
344,Vito Gaymer,vgaymer9j@pen.io,gK0#!'}aEy33K
345,Pren Cruddace,pcruddace9k@sakura.ne.jp,iD5##NX_d}
346,Katee Sygrove,ksygrove9l@reddit.com,yU1!a<tWF@G/p0c4
347,Carola Heeron,cheeron9m@cornell.edu,wR0<5W'2N!@T~
348,Brice Orrum,borrum9n@boston.com,iP9$oo1B$
349,Koren Vallantine,kvallantine9o@oracle.com,mM6?w@((
350,Leona Impett,limpett9p@marriott.com,xU4_nrdB
351,Jdavie Archbould,jarchbould9q@feedburner.com,rT8<).!zs|R
352,Janeta Rosenwasser,jrosenwasser9r@cnbc.com,"aB3_,i?=C""60\|("
353,Thornton Brangan,tbrangan9s@hao123.com,rK0#KbfYCdF_yqmN
354,Leonora Guiett,lguiett9t@amazon.co.uk,dC1%PyscGjA
355,Veronique Franciottoi,vfranciottoi9u@ftc.gov,qQ2)JYuN1I
356,Eben Gaitskill,egaitskill9v@amazon.com,tS3\p=63
357,Ann McGready,amcgready9w@dion.ne.jp,vF7?J9?gIj.\
358,Joli Normabell,jnormabell9x@de.vu,xD8(2yU=X}
359,Maire Langmead,mlangmead9y@hibu.com,"kS7,T1w&1p.|l"
360,Natal Van Driel,nvan9z@netvibes.com,fS5$>6'}T7fli
361,Modestia Narramore,mnarramorea0@gmpg.org,"wN6,QyBd<DX`"
362,Fulvia Joint,fjointa1@squidoo.com,"xQ9""U_*SRjM"
363,Stephani Caldecott,scaldecotta2@twitter.com,vF6>ia8>J
364,Alison Yarrall,ayarralla3@discuz.net,"vZ2@GJv,Vo'UmD"
365,Mill Burgess,mburgessa4@msn.com,jG2?M0e0kA2
366,Tracie Gillino,tgillinoa5@samsung.com,qZ6?HokFSpo/Usdf
367,Donnie Fluin,dfluina6@hexun.com,kY5((vLkwcxGBa0t
368,Genvieve Devas,gdevasa7@miitbeian.gov.cn,"oQ9?35k@,f\V"
369,Zackariah Yong,zyonga8@eepurl.com,gF6=>s|YLqE
370,Clara Senner,csennera9@deliciousdays.com,"vR8`,mef"
371,Stefano Tregonna,stregonnaaa@usgs.gov,lK8=vxH!{8
372,Whit Thrush,wthrushab@themeforest.net,aX2>N{B>
373,Lannie Venediktov,lvenediktovac@sohu.com,dH6)\/D3#vH
374,Malina Rolance,mrolancead@surveymonkey.com,zQ2\kpP'g~0Z
375,Judy Phippard,jphippardae@pagesperso-orange.fr,gS0>\6>l`$W
376,Ron Bertelsen,rbertelsenaf@cpanel.net,jY0+PY@B/RN
377,Selia Fleetwood,sfleetwoodag@comsenz.com,yN9!(X?T
378,Janith Strethill,jstrethillah@sciencedaily.com,bF7<VN_vb|S
379,Desi Fulger,dfulgerai@epa.gov,oP1=.>uWBmm
380,Aretha Daspar,adasparaj@livejournal.com,"jQ9'7=9heC)5k$"""
381,Mathe Dispencer,mdispencerak@icio.us,oH3>a*`&u5yD<am
382,Brenna Tooby,btoobyal@ifeng.com,vH9'+I820P*L9lJW
383,Thacher Benardette,tbenardetteam@adobe.com,wE7*5Cr(
384,Sibbie Piele,spielean@tripadvisor.com,sA8/9&m|B
385,Agnesse Ruckledge,aruckledgeao@berkeley.edu,xT8>W1}7
386,Brandise Lillicrap,blillicrapap@i2i.jp,rV1~&x.'>l}T
387,Brook Batcheldor,bbatcheldoraq@imgur.com,"dV3""p""T<D"
388,Kippy Braiden,kbraidenar@sina.com.cn,"mI9'&+XU$3""2"
389,Devon Gare,dgareas@istockphoto.com,qG4?/avtj.W
390,Joel Tarling,jtarlingat@baidu.com,iS1/@psp}KT
391,Charlotta Bronot,cbronotau@symantec.com,"iX1""uBzYT"
392,Odelinda Lambal,olambalav@umich.edu,aB1(O|1P
393,Sibby Larn,slarnaw@creativecommons.org,yO8*EFAQa`8K{~
394,Sylvia Benneyworth,sbenneyworthax@geocities.com,tJ7<@*vpgq
395,Ford Marlin,fmarlinay@nymag.com,eX9/m|bNpaDJ<
396,Pollyanna Leitch,pleitchaz@indiegogo.com,cY9>eKI@W
397,Sigvard Vasishchev,svasishchevb0@nydailynews.com,yP7'up)'|b$+Y7&2
398,Caria Crocket,ccrocketb1@sbwire.com,dI3?e#EzA31
399,Jerry Doig,jdoigb2@nasa.gov,hG0.QC7=tzM`%
400,Brett Bayles,bbaylesb3@wunderground.com,kW5'8F*oP
401,Tomaso Bletcher,tbletcherb4@gravatar.com,sV0~0~*b~czzR?~(
402,Dennie Boyn,dboynb5@odnoklassniki.ru,oI1%\fOfqeO
403,Myron Doveston,mdovestonb6@quantcast.com,fZ5>XW'7c1
404,Brit Rintoul,brintoulb7@harvard.edu,"xL5,I(j*9QW1)X"
405,Jacquenetta Gullefant,jgullefantb8@unicef.org,zH2~Lce5ZT/071l
406,Sunny Chene,scheneb9@live.com,iA7.cAvPE~re
407,Sheilakathryn Satteford,ssattefordba@shutterfly.com,xD2%3_x1yJs1I
408,Amy Morfield,amorfieldbb@technorati.com,mY0|Wu)d=
409,Flo Draijer,fdraijerbc@google.pl,hQ1}K(L3CLR
410,Tasia Doldon,tdoldonbd@php.net,jI7+'dsWe
411,Violetta Catton,vcattonbe@amazon.co.uk,wF4))NvW{'
412,Debora Hoyles,dhoylesbf@live.com,yT1<$z@2
413,Iolande Benko,ibenkobg@fda.gov,rC1=t2fxgAa
414,Noami Breadon,nbreadonbh@wisc.edu,lM2!I$U*lJ$X_<
415,Jeane Ferrier,jferrierbi@goo.gl,gA5(@zpf~f
416,Ardis Alywen,aalywenbj@unc.edu,jA6=2D`@d
417,Darby Peschmann,dpeschmannbk@reuters.com,"eM4>*<1L)(6P""Ep"
418,Leigha Vamplew,lvamplewbl@drupal.org,jN9|H$mY_g~
419,Druci Witard,dwitardbm@ucoz.ru,gG5`s8~!
420,Stevana Giffin,sgiffinbn@epa.gov,"yS9>@<GW8Zj,q"
421,Kahaleel Beddows,kbeddowsbo@tmall.com,mE6_V%5Mwf/m
422,Taddeusz Roft,troftbp@blogger.com,cC2.EU7K2rB>|Ec
423,Shayne Plaunch,splaunchbq@dell.com,yS6/w*jRJ`?AZ
424,Garrot Andres,gandresbr@over-blog.com,"jU5%+cdy.j,vz"
425,Velma Sivil,vsivilbs@t.co,eA8'NH88)RAXo
426,Willy McIlwain,wmcilwainbt@un.org,"qX3~,gjh3ke"
427,Halimeda Netherclift,hnethercliftbu@usatoday.com,lY3\?I\X
428,Giulietta Eaddy,geaddybv@home.pl,pC9*jx|Hf_=
429,Emelina Hought,ehoughtbw@cornell.edu,wQ7!*oJ6xz0
430,Sissy McGraffin,smcgraffinbx@drupal.org,"vF3@@97,0M>%%oo"
431,Shanda Quantrill,squantrillby@ameblo.jp,oS2<AL0$I@}*c1D
432,Dorie Scirman,dscirmanbz@blogtalkradio.com,hK5/Kfi.8u
433,Lillian Guesford,lguesfordc0@loc.gov,iN3})zd.
434,Sharon Muscroft,smuscroftc1@e-recht24.de,lV8*`D~y\$3Oc
435,Willey Zmitruk,wzmitrukc2@netlog.com,yL3}kAw8w&Yqc$Z
436,Pamela Chadbourne,pchadbournec3@hp.com,gI5/|~'Z%
437,Gracia Rymer,grymerc4@ustream.tv,vP4$X=j>\ww9c
438,Zabrina Linger,zlingerc5@ebay.co.uk,kO8*\eZ{=o.zhC
439,Stafani McGuinness,smcguinnessc6@fc2.com,kX8<EBRDiR8
440,Xerxes MacMenamin,xmacmenaminc7@storify.com,lT4@<}X8?8Gv
441,Quincy Greenwell,qgreenwellc8@psu.edu,aU0.O6ijb4+rvi
442,Chicky Vicker,cvickerc9@edublogs.org,kH6/BQglVDuS@/r7
443,Pascal Winyard,pwinyardca@ifeng.com,"vT1,zvZrr~L"
444,Wyatan Turl,wturlcb@imdb.com,gV8}rVZ.NsMkTD/n
445,Hamilton MacNockater,hmacnockatercc@google.co.jp,zU7\MoERy&
446,Chariot McAllen,cmcallencd@usatoday.com,"fS1'U{7""9&yR"
447,Sandor Labbett,slabbettce@globo.com,bW3=T4!@X
448,Catherin Culligan,cculligancf@themeforest.net,"gK2}b7a7sk9T,(%"
449,Clemens Schutte,cschuttecg@amazon.co.uk,"cL2#""!J}rAE"
450,Stanleigh Bowry,sbowrych@networkadvertising.org,"zJ5""`hV%"
451,Brandi Tippler,btipplerci@themeforest.net,tV2@6b9xg{JW#ZP
452,Clay Mushart,cmushartcj@nih.gov,zD5<T)x6Pi3b
453,Olvan McArd,omcardck@ted.com,mI1>Q1z3+E'X
454,Blane Sprott,bsprottcl@woothemes.com,yV0#gQ'dl=}=
455,Delilah Rainer,drainercm@ucsd.edu,pN0=d_}$'Q7gX
456,Leroy Roeby,lroebycn@chron.com,lA1_?)S30OPJF
457,Janeta Oles,jolesco@bluehost.com,tS7)GTvRmeV6w
458,Shandee Steele,ssteelecp@columbia.edu,tU0{cwZy3sAm'0f
459,Fiorenze Mullins,fmullinscq@nature.com,iS0@L%X2tN
460,Lydia Plumridege,lplumridegecr@issuu.com,"dE1{W`mvdBhSs*"""
461,Lindie Ablewhite,lablewhitecs@shareasale.com,lA5#V9mm
462,Perl Joust,pjoustct@usnews.com,kN6}5Rn'YTN%@
463,Becki Greenlees,bgreenleescu@sina.com.cn,jU3)kWEK
464,Nixie Egginton,neggintoncv@ezinearticles.com,iD4)FETKitc$JZ@+
465,Tildi Olding,toldingcw@dyndns.org,rB3|?*I&37n`JCk#
466,Yorgos Brothwell,ybrothwellcx@goodreads.com,wR5_F\vV0Q
467,Salomone Rawsen,srawsency@issuu.com,rP7\|EE1Q4X)}49
468,Claudia Umpleby,cumplebycz@wisc.edu,iE0{U%DvEr5l(vr
469,Melba Drysdell,mdrysdelld0@opensource.org,xM7(#q`wo*
470,Sisile Bentz,sbentzd1@phpbb.com,rQ1)&E%2@
471,Pet Comben,pcombend2@dailymail.co.uk,iH9@e(7l|u
472,Karoly Benbough,kbenboughd3@plala.or.jp,uL2'TOoDjj9
473,Kai Iffland,kifflandd4@reverbnation.com,iJ7%F~K_`s}
474,Lincoln Vanes,lvanesd5@yandex.ru,"tV1#zy2SZ,\$H3Vs"
475,Dionysus Fearnley,dfearnleyd6@odnoklassniki.ru,"iB5,i'vS<9G_>?"
476,Benoit Schruurs,bschruursd7@wufoo.com,rK1={&E!h9P~%A4
477,Devin Giannazzo,dgiannazzod8@plala.or.jp,"rW8""W?gC"""
478,Bobinette Pugh,bpughd9@behance.net,qE7%x=HAA5)LN
479,Alden Tumelty,atumeltyda@mit.edu,tW5#cr(#.1%_y)OM
480,Leshia McMeanma,lmcmeanmadb@topsy.com,nL5`GCM6V_zYnW
481,Leeann Milmoe,lmilmoedc@webmd.com,pE8(6nz4Ebg%
482,Willie Faithorn,wfaithorndd@go.com,rL8_A)4R)wDN
483,Nollie Shrive,nshrivede@examiner.com,gJ3*J1{@=a6M'ZZy
484,Wayne Chamberlain,wchamberlaindf@yolasite.com,lA7}b&T_k>ypgLrv
485,Jessy Toquet,jtoquetdg@bizjournals.com,cV3@!7jY/i
486,Mildrid Tonner,mtonnerdh@imgur.com,oJ8{jPw'
487,Somerset Babinski,sbabinskidi@columbia.edu,hI1!+29LZP63t3+\
488,Tatum Charlson,tcharlsondj@google.nl,bI5<wtPaX
489,Adria Grunwald,agrunwalddk@si.edu,eF0'CcvFh$Z8!&!
490,Sayre Prothero,sprotherodl@alibaba.com,gM3*e$=SLw|t
491,Lyndsie Latus,llatusdm@theguardian.com,wX2.klyD
492,Dionis MacGille,dmacgilledn@china.com.cn,iJ9?5n}8RRrDc
493,Nerita Josselsohn,njosselsohndo@1und1.de,wP5\.7Tp
494,Raymond Asbury,rasburydp@ft.com,zS7{?H`i2_*{
495,Henriette Scoble,hscobledq@usatoday.com,qY4|ArAy
496,Angeline Eltun,aeltundr@seattletimes.com,oS5/{hjY
497,Roanna Renner,rrennerds@webnode.com,kS1>#/wR
498,Kaleb Toyer,ktoyerdt@squidoo.com,eE4@U6Xd
499,Yalonda Kowalik,ykowalikdu@globo.com,kG1%qh6G@{er
500,Kelvin Uccelli,kuccellidv@hubpages.com,"uV6%NZ,PtP2?.gqr"
501,Florian Boyet,fboyetdw@yellowpages.com,kH0\QtWTjq
502,Jacki Maudett,jmaudettdx@wikia.com,zJ5'O0}e
503,Gavrielle Ginsie,gginsiedy@bizjournals.com,uA9{Y+z|)
504,Grete Bes,gbesdz@skype.com,sX2<u*UI
505,Madge Chittenden,mchittendene0@wufoo.com,bU9='+882/NP\
506,Tuck Findlow,tfindlowe1@pagesperso-orange.fr,"hK4~DW""mkA967G"
507,Clark Castellone,ccastellonee2@psu.edu,tX6)e3y3
508,Beauregard Serris,bserrise3@soup.io,uI5!ga}$*Kw{m
509,Ferdinande Cox,fcoxe4@ihg.com,sE4\A.<q8U`#A3
510,Latrena Morgan,lmorgane5@unblog.fr,lQ8>W~_b
511,Kellia Hayth,khaythe6@sciencedaily.com,gQ4#Q`Llzv4u4$
512,Fancy Arnowitz,farnowitze7@rediff.com,"hR4+|{L,uJ4"
513,Jeane Bengal,jbengale8@nationalgeographic.com,hM9*umNKS+'
514,Brina Winterscale,bwinterscalee9@addthis.com,"nK9%_s,#"
515,Fayre Loisi,floisiea@miibeian.gov.cn,gG5>b*G`7Z
516,Carol-jean Wittleton,cwittletoneb@constantcontact.com,oU0{Ik.h
517,Aggy Ciotto,aciottoec@blog.com,uP7+xO}yM|'~
518,Ula Schulken,uschulkened@yellowpages.com,yE2#|u(e?bWTz
519,Morgen Capeloff,mcapeloffee@ted.com,pB0('mTT}<E
520,Kristy Baudry,kbaudryef@businesswire.com,qR4)oQ+V4u1pFb
521,Hernando Owers,howerseg@oakley.com,nO4\xeVT&RIPZ)
522,Rowan Branney,rbranneyeh@addthis.com,tN0>9&GBl
523,Kathleen Goldney,kgoldneyei@lycos.com,pQ5|B\7OO&&@
524,Yvonne Ebbings,yebbingsej@shinystat.com,dX4=I`d75PJD{`W
525,Daffy Conti,dcontiek@yale.edu,vM7*<ehDoZn
526,Benoite De Marchi,bdeel@discuz.net,gX8~uvx#pKBJ0)
527,Homer Headland,hheadlandem@issuu.com,pI2=O1(G!F147qhx
528,Blake Riceards,briceardsen@miibeian.gov.cn,iT6{ZJ&nFA\f
529,Tracie Gentzsch,tgentzscheo@ox.ac.uk,"yG2<c""|%EGv0jOLp"
530,Odette Dalla,odallaep@buzzfeed.com,sQ4__S&32IUO
531,Curran Elcum,celcumeq@miitbeian.gov.cn,dH7#EW6Z4E+Fbu}
532,Pauline Retter,pretterer@jigsy.com,kA1}E{Bq9veap
533,Eva Macbane,emacbanees@photobucket.com,hQ2`KWnulTS$/E<
534,Evvy Ganforthe,eganfortheet@eventbrite.com,eA0&XRdF'UFw0Yhc
535,Korella Kerwin,kkerwineu@dailymail.co.uk,vL5+pH`{ZW49VZ'i
536,Ricky Mallaby,rmallabyev@ebay.co.uk,"fS7,cI@eU4Hgx."
537,Boony Fleischer,bfleischerew@webnode.com,fC5/qNtvH(
538,Elicia Beaglehole,ebeagleholeex@cyberchimps.com,zI0}NjUlhls
539,Milo Lampaert,mlampaertey@icq.com,sL1!O98CaPHn
540,Tyne Copas,tcopasez@bloomberg.com,nL9#y&tAr|\S`
541,Augustus Bagger,abaggerf0@networkadvertising.org,"cV4<d@85Q=#"""
542,Billie Stammler,bstammlerf1@hud.gov,"iP3"",!$<Bqi"
543,Benedict O' Brian,bof2@miitbeian.gov.cn,mD4)!@9.`_S.*jH
544,Brita Pickwell,bpickwellf3@gnu.org,hB1<6v(L0\vHk1V
545,Maryanne Ties,mtiesf4@yahoo.com,hK8{Ux?$G!j)<Ai
546,Gavan Wakeham,gwakehamf5@zimbio.com,uP4#EL`=vzYc9Iu2
547,Edgar Jiranek,ejiranekf6@abc.net.au,jY5~h#@51Q
548,Shandeigh Brelsford,sbrelsfordf7@jugem.jp,uE3`@kA\Ow
549,Linnet Poge,lpogef8@mashable.com,"uO2),Q'Lc3)&fgr"
550,Katerine O'Halleghane,kohalleghanef9@1und1.de,eK6!#0vUj
551,Abran Ilyas,ailyasfa@cafepress.com,iX9*e`Mk
552,Anne-marie Sillis,asillisfb@canalblog.com,"zI8#0d3WO7~+>.,"
553,Blair Kleinpeltz,bkleinpeltzfc@examiner.com,mX6_nEMa_WQL
554,Cherilyn Vernon,cvernonfd@fotki.com,vU0@hnaViY@}e
555,Myrwyn Heddon,mheddonfe@ameblo.jp,cS1%h5$Tc<4TJG~
556,Codi Bury,cburyff@imageshack.us,nS7(+rU0
557,Brewster Lagne,blagnefg@blogs.com,oO4$<_~}izvah
558,Sayers Thorneloe,sthorneloefh@nifty.com,wS8.u4V?i&
559,Clemente Whear,cwhearfi@issuu.com,pQ0)n!2#qpu2TV
560,Meyer Rogers,mrogersfj@economist.com,rY2'||)wii7
561,Davide Berrick,dberrickfk@comcast.net,zW1%IR_iOY#=)vtB
562,Dulcea Haysom,dhaysomfl@japanpost.jp,gE9_x8<2
563,Frieda Paz,fpazfm@mapquest.com,gW2/{L)zL
564,Keelby Emberson,kembersonfn@wikimedia.org,"tV8{Dj(A@f"""
565,Celia Climar,cclimarfo@cnn.com,"vL4""W>okcLwG5z"
566,Ange Trees,atreesfp@artisteer.com,cO7~?Fw5QC
567,Dominique Norbury,dnorburyfq@g.co,uZ1!vBjjLd<
568,Rania Heilds,rheildsfr@cbslocal.com,zL6`Nl?k}pE{kfbk
569,Jareb Arlow,jarlowfs@reddit.com,"gV9""I7IA~Cd'K"
570,Suzie Giraudot,sgiraudotft@seesaa.net,pC8@#ci=rq=
571,Xenos Baldi,xbaldifu@altervista.org,"oE6""oP\E"
572,Lillis Romke,lromkefv@sciencedaily.com,gB6'w8\f<Sj*g+
573,Tomi O'Gavin,togavinfw@cam.ac.uk,oR1{E2<f4K$oj
574,Carmelita Jeavon,cjeavonfx@umn.edu,cY6*!Y~3ts+SC
575,Nealson Minchinton,nminchintonfy@cmu.edu,lI4%?c+Rh
576,Antonius Hardage,ahardagefz@icio.us,wS7$|#=g&pS
577,Cleopatra Temlett,ctemlettg0@wufoo.com,aW0@Dn*.0DqE
578,Lorne Berisford,lberisfordg1@cnn.com,aL3*}%r{`
579,Mala Lippitt,mlippittg2@mysql.com,sL6_HPyl.
580,Marco Helleker,mhellekerg3@google.it,eD7&EBL77
581,Dulcinea Halbert,dhalbertg4@home.pl,jH6~}V+uNG4=W
582,Jodee Vasiliev,jvasilievg5@uol.com.br,iP4(VYRQNf+3CBxf
583,Arnold Bigmore,abigmoreg6@hhs.gov,"uH6?""Vy1u"
584,Nikkie Lowthorpe,nlowthorpeg7@acquirethisname.com,rE2_|&kP>~@FJ|M+
585,Baxie Solley,bsolleyg8@tiny.cc,gX4<`bfS=\KzvP
586,Alison MacSkeaghan,amacskeaghang9@posterous.com,cT1*vXUrVP_G9>Vd
587,Ahmed Lassell,alassellga@prlog.org,zI6>XI~Q>@jM<c
588,Grata Romi,gromigb@mit.edu,pZ9~yH&(YQ3q
589,Ryun Hustings,rhustingsgc@go.com,fF8}}ha=G!O
590,Sunny Gerasch,sgeraschgd@bandcamp.com,wQ2~+7tX3jScerQ@
591,Dorey Kopelman,dkopelmange@wp.com,yO6$Z$dB
592,Clara Cuming,ccuminggf@creativecommons.org,uG7|J'v`>d*?4P
593,Melicent Brymham,mbrymhamgg@infoseek.co.jp,zY1<<q6=c5
594,Sibby Langrick,slangrickgh@upenn.edu,pY1(E6r1Ev.?
595,Doroteya Housley,dhousleygi@amazon.co.uk,eR3|K?'c4LxdCI{
596,Rolf Kolczynski,rkolczynskigj@multiply.com,wP2.f~|uyP9ho+
597,Emilia Grumell,egrumellgk@miibeian.gov.cn,lI0#6@xP
598,Orella Costellow,ocostellowgl@yale.edu,"yS5{,`yzwFb"
599,Gael Saturley,gsaturleygm@slashdot.org,tI4$DGcX%j
600,Junette Hamlett,jhamlettgn@gizmodo.com,pU1/3@GByHo0q&%7
601,Ferne Tremblet,ftrembletgo@reddit.com,rT7+Q_b\rz<'{Ti*
602,Florida Smorfit,fsmorfitgp@google.co.jp,lZ4@Wa7MI+
603,Cornie Breffit,cbreffitgq@usda.gov,gB8'TLHc
604,Addi Renny,arennygr@mit.edu,oE0'M$_9V
605,Jocko Linge,jlingegs@issuu.com,"oK3,t*FkJE=mz"
606,Courtnay Mollon,cmollongt@feedburner.com,gT4.sJGq89DVtY
607,Minta Giacobillo,mgiacobillogu@1und1.de,hW4_}YyEB)r#c/
608,Hadrian Osment,hosmentgv@edublogs.org,"fQ1~w$&Hm,o"
609,Denny Birchall,dbirchallgw@google.ca,mK3@DvKiPm
610,Keir Clinnick,kclinnickgx@guardian.co.uk,tU8%i6a(L5@Cr)
611,Emmett Zealey,ezealeygy@ebay.co.uk,kG8$c!VM836MsvN
612,Lucian Szymanzyk,lszymanzykgz@webeden.co.uk,zD7{phQ+m
613,Carly Hatherall,chatherallh0@blogspot.com,"wC4_33KT+DQk""!B"
614,Gabriel Shewery,gsheweryh1@addtoany.com,jF9+MM?eFqNKHyhX
615,Rooney Dalloway,rdallowayh2@quantcast.com,dV0>wL9r7VWt&r(
616,Ariadne Burdge,aburdgeh3@timesonline.co.uk,wX7/V&2Ww<9RU}}b
617,Hoyt Peacocke,hpeacockeh4@nps.gov,cE4/~wMMsY
618,Kayla Waltering,kwalteringh5@time.com,eD1@)W!H6D(
619,Paddy Undrill,pundrillh6@soundcloud.com,"pI9,UQ_uS"
620,Bessy Dolton,bdoltonh7@geocities.jp,iC0$Cf>&>.
621,Lanni Wastling,lwastlingh8@ucoz.com,oP0{0j$lMm
622,Sylvester Fernando,sfernandoh9@dailymail.co.uk,bS1#2}<IIbxgL
623,Joellen Records,jrecordsha@zdnet.com,dM5|{6o%\Fq
624,Paddie Zecchini,pzecchinihb@census.gov,yT1(PaA1
625,Mattie Hassey,mhasseyhc@unblog.fr,tD0*I4OrP@HaJv
626,Hyacinthia Shute,hshutehd@diigo.com,"lO4|CLNiNLF,FaI"
627,Merrill Habbijam,mhabbijamhe@chronoengine.com,xY7(dK54Cz`fVl(3
628,Lana Gruszecki,lgruszeckihf@techcrunch.com,uZ8+pUf*@
629,Eilis Hawker,ehawkerhg@networksolutions.com,"mN3""&X}$~v"
630,Murvyn MacDonagh,mmacdonaghhh@webmd.com,iE1=KH9E\Liy'
631,Corrina Sire,csirehi@over-blog.com,rL0?tc3r
632,Tabitha Ackenhead,tackenheadhj@mozilla.org,kM0$|4>ydjrqtt'
633,Durand Waddam,dwaddamhk@cam.ac.uk,eC0{QXudj!bHwjb
634,Demeter Bockett,dbocketthl@fema.gov,eZ6{+x>Gm1bSd%J
635,Ginni Quantrell,gquantrellhm@liveinternet.ru,kT4#PukB~=t!lb
636,Marv Steedman,msteedmanhn@t-online.de,hJ5.MrGz
637,Alic Joao,ajoaoho@xrea.com,wO2(C>kuoUFVg19g
638,Jethro Drable,jdrablehp@barnesandnoble.com,"sO3*(*Wq6,"
639,Claudell Vinsen,cvinsenhq@bing.com,nV8!p2o*U3
640,Courtenay Traise,ctraisehr@shutterfly.com,lE9{8zb~<B<
641,Joseph Spoor,jspoorhs@webnode.com,zU8\7F{d?IctY
642,Lacey Badham,lbadhamht@webnode.com,xY3+Y7Yx>V3qga>
643,Cary Scoullar,cscoullarhu@google.com.au,tE9.y?@A
644,Melany Jarman,mjarmanhv@themeforest.net,"aA0+og11!$,"
645,Tamarah Burvill,tburvillhw@telegraph.co.uk,pR0@nN|=?df>*(
646,Arlen O'Fallone,aofallonehx@google.fr,gT4*$Q=nE
647,Fina Farmiloe,ffarmiloehy@free.fr,"bT1,!ytNjT"
648,Benny Dornan,bdornanhz@arstechnica.com,dF0`q(T5D3r.C)
649,Aubrie Blaksley,ablaksleyi0@hc360.com,eC5+v2REuulN{xR.
650,Claudine Blazek,cblazeki1@guardian.co.uk,nW6!vAFBfl#BA
651,Brianna Comiskey,bcomiskeyi2@mozilla.com,iP7(ivVbUFxa>V/(
652,Flora Crips,fcripsi3@nasa.gov,gB7\s9cOH)D\Vfq
653,Albertina Cullabine,acullabinei4@comcast.net,"tL3,(XfQ_raRA"
654,Issy Summerlie,isummerliei5@prnewswire.com,nK0)|a\c<
655,Terry De Normanville,tdei6@rambler.ru,bO3>ngt6N#=OeJs
656,Debbi Loveday,dlovedayi7@huffingtonpost.com,cD2)rF3ub80O}Fh
657,Ludwig Nannizzi,lnannizzii8@imdb.com,"nX8""0j8{"
658,Randolph Jezard,rjezardi9@scientificamerican.com,"kO2,ockg={_2W$F#"
659,Franni Linde,flindeia@house.gov,"wM8""'%{W8l"
660,Valerie Rosencrantz,vrosencrantzib@soundcloud.com,kK2/2x'Ps8JvEK8C
661,Fairleigh Feak,ffeakic@sbwire.com,uN7!EYWBS<5F?B9
662,Lauraine Ranklin,lranklinid@w3.org,wT7)Vm6Xh~WR5
663,Curtice Scranney,cscranneyie@gizmodo.com,"gB4,r77B"
664,Didi Goodwill,dgoodwillif@webeden.co.uk,sT8_GDb8iP+yo
665,Salvador McGlade,smcgladeig@php.net,dP0*STwEe0mjm
666,Brady Gosnoll,bgosnollih@aol.com,vZ8{RxB<S?H2XdW
667,Edie Portal,eportalii@a8.net,dT7=D9%TlSU
668,Lion Greenier,lgreenierij@flickr.com,kR0_Sgs72E>6)
669,Sebastiano Bonfield,sbonfieldik@diigo.com,yM7}O@5xJt!
670,Thea Slatford,tslatfordil@bloomberg.com,aM2/zqSF1}AT
671,Verney Matzl,vmatzlim@yandex.ru,zX9%uyDnj
672,Carlye Maddy,cmaddyin@weibo.com,"mO2.jUi/)M""<I9"
673,Rozele Lehon,rlehonio@bigcartel.com,sU7!(&3ifyCIB
674,Leela Herley,lherleyip@about.com,sD0<hkn{#_>v
675,Berty Marvin,bmarviniq@zimbio.com,lG3_K2mW~
676,Carly Arnall,carnallir@people.com.cn,"jH1|CdN|p7M_""+"
677,Eddie Androletti,eandrolettiis@gov.uk,"hT8""Bw@i@h1jg"
678,Gussie Molan,gmolanit@vinaora.com,vS5$J!Dz
679,Oralia Thulborn,othulborniu@forbes.com,"iN0@6,|M_'XlZ\"
680,Elnore Le - Count,eleiv@intel.com,nL2.FUKvTC(v`7_>
681,Eugenio Tussaine,etussaineiw@ifeng.com,"cX1,H9PZ*"
682,Elga Faulkner,efaulknerix@netvibes.com,xE7?C#1?!4yh\R
683,Massimo Barson,mbarsoniy@artisteer.com,"yS8,sw&=Zl"
684,Corette Paolini,cpaoliniiz@geocities.jp,vW0?ITUD(us%z%T
685,Alta Dohmer,adohmerj0@netscape.com,wJ5/yPgo
686,Darius Dake,ddakej1@meetup.com,uJ9$9sDZ1l8FUa0
687,Bordie Ivie,biviej2@desdev.cn,kC5<7b<Fg
688,Neile Luparto,nlupartoj3@prlog.org,cF0?Qhmxj%LN_ds
689,Ardella Hearson,ahearsonj4@deviantart.com,qV0|Lj8Tg6#M5=s
690,Pacorro Klimochkin,pklimochkinj5@google.co.uk,qO8&T)70T3L
691,Ayn McKellar,amckellarj6@miitbeian.gov.cn,iQ2<4Y{22>G
692,Hayley Duke,hdukej7@hhs.gov,"vF1""v=\\Cvn>!U"
693,Sisely Witten,swittenj8@over-blog.com,wQ0`|u5G4Q
694,Ivor Atherley,iatherleyj9@icq.com,dX4|P>!g?KQ7oabH
695,Suzette Wheble,swhebleja@posterous.com,jZ8&J=/yKJ/fPix
696,Modestine Tandey,mtandeyjb@goo.gl,"fV2.{WJ,GFNmXuS|"
697,Angele Durie,aduriejc@tuttocitta.it,"mT6',|\0iq2_.5i0"
698,Sly Burnell,sburnelljd@samsung.com,pL7'a!L1a?zRnl@
699,Courtenay Kilpin,ckilpinje@hud.gov,wF4{i6ODao
700,Faunie Franzotto,ffranzottojf@tinyurl.com,nM3_m~Z`ZdIhqY
701,Blaire Skillett,bskillettjg@moonfruit.com,"aD2""'V%D"
702,Kristyn Steptowe,ksteptowejh@constantcontact.com,yN6!#w)vs\O_
703,Antoni Dalley,adalleyji@skyrock.com,"yA8=.""5QhkOi'Ad{"
704,Channa Bernollet,cbernolletjj@lycos.com,aE3_zYJqE}6wpea
705,Erica Benedict,ebenedictjk@angelfire.com,tR7<#zZO#87!go
706,Antony Crocken,acrockenjl@parallels.com,oC2$ISZz&Rs8
707,Dona Peniman,dpenimanjm@fda.gov,iM7*Jf|\~
708,Chancey Feldfisher,cfeldfisherjn@eventbrite.com,"tE5|{}u$0f9uC""@U"
709,Benedick Troucher,btroucherjo@nytimes.com,jI1.lvrEdU*zs
710,Bernhard Rubes,brubesjp@who.int,wG0@yJtq9R+
711,Dana Strathman,dstrathmanjq@miitbeian.gov.cn,"hA7<F~""i*p!YZpz"
712,Royce Harriagn,rharriagnjr@1und1.de,uH6>fWmqvgs\
713,Lisle Rubenovic,lrubenovicjs@state.gov,zA6%`N2letM0JC{(
714,Vivianne Sooper,vsooperjt@huffingtonpost.com,"dW1$NHG%I>7"""
715,Geoffry Choldcroft,gcholdcroftju@bbc.co.uk,rM1!9x#s|RlKoQ=
716,Kenneth Ullett,kullettjv@de.vu,rY0`B0ND2l2
717,Andre Godthaab,agodthaabjw@npr.org,oD4!WX~V/UbQecx
718,Joanie Le Prevost,jlejx@ovh.net,xM1/dlQF`
719,Catherina Lewendon,clewendonjy@histats.com,sJ9&mZO*Mi!
720,Bowie Pilgram,bpilgramjz@oakley.com,xQ1<ClQd)u87_A9
721,Hercules Ridewood,hridewoodk0@cnet.com,wY8&rmcSmH38G8
722,Hodge Wardington,hwardingtonk1@friendfeed.com,dX2/%9Tq&
723,Tabbi Gravie,tgraviek2@ustream.tv,"qG6)+t""PO.6M~+=}"
724,Simon Dawnay,sdawnayk3@cnn.com,zK4{Rd.DHJ
725,Gregorius Pennock,gpennockk4@answers.com,mJ4~n*Jh3)`U
726,Muffin Maylour,mmaylourk5@tmall.com,wU2'||RVNY
727,Avivah Dilgarno,adilgarnok6@army.mil,uQ5>l'9kE_NA
728,Dewey Worlock,dworlockk7@wikispaces.com,mV6~?CI6!Ib=iW7
729,Claudianus Ferries,cferriesk8@studiopress.com,eE1=mv{JxxdpUTe
730,Linn Grandison,lgrandisonk9@123-reg.co.uk,lD8'Ki#\g/LVCj
731,Haley Preedy,hpreedyka@bizjournals.com,mY8.y=p.R#2
732,Gilligan Simioni,gsimionikb@qq.com,"yQ4""Q<""d(r"
733,Tanney Shrubshall,tshrubshallkc@eventbrite.com,mU3$`Oxr}@n
734,Brantley Kershaw,bkershawkd@weather.com,hX2`m?!1{.4L
735,Nickolas Stairmand,nstairmandke@unicef.org,lL9`+DkU1xN#
736,Torie Curzon,tcurzonkf@google.com.hk,"rM2,!sGyjTw%)"
737,Albert Phizackerly,aphizackerlykg@usatoday.com,"zO5,{j.uw="
738,Jacqueline Cammack,jcammackkh@fastcompany.com,sR7>!/CD.a~9W
739,Johnnie Romi,jromiki@is.gd,lY3_px%$&1E`%0Zr
740,Alano Spafford,aspaffordkj@mapy.cz,bT8\NN(&s
741,Mari Arnau,marnaukk@skyrock.com,rC5<.$H|S<g0WRL!
742,Kahlil Rasmus,krasmuskl@netlog.com,"nR8#7Vk0VjMm6D""o"
743,Alleyn Simoni,asimonikm@networksolutions.com,kG1*c__()_#3nEv<
744,Sibley Twidle,stwidlekn@mac.com,eV4(FQ`X!jmG`
745,Billie Treher,btreherko@washingtonpost.com,sP7!VNy%Y
746,Elena Sehorsch,esehorschkp@over-blog.com,rT4}WP!K)q
747,Ignacio Leadbitter,ileadbitterkq@yale.edu,lJ6<}_$iEz
748,Alene Di Bartolommeo,adikr@about.com,dD3}g>EDw
749,Malissia Renahan,mrenahanks@unesco.org,"hD1|O2,YW9w7ol|o"
750,Jeanine Callington,jcallingtonkt@angelfire.com,oM9}Iqr<C
751,Roland Sandifer,rsandiferku@4shared.com,zB2.02r{M+~fxW)4
752,Raynor Durning,rdurningkv@pcworld.com,nB5.CQbfaU`
753,Dulce Haynesford,dhaynesfordkw@prnewswire.com,bU6\~G*4X..
754,Amalle Pescud,apescudkx@reddit.com,kX5<kP}6?
755,Nikki Haines,nhainesky@jugem.jp,vW4%.+&*@O.mU~Z
756,Evelyn Brind,ebrindkz@comcast.net,"yC7""otT}gz#~vIGi"
757,Claudio Legate,clegatel0@buzzfeed.com,pM9/U0dhIW
758,Odell Measen,omeasenl1@wsj.com,"sO6""YSAEr"
759,Starr Gravener,sgravenerl2@ning.com,fO0#Q9T%<w
760,Rozalin Ledster,rledsterl3@cbslocal.com,fS2=JmUK!%\W9
761,Winslow Lippiatt,wlippiattl4@craigslist.org,vA6.>8QtfqMHf
762,Humberto Pryor,hpryorl5@nytimes.com,bH9<rmvJjpCll
763,Amaleta Capper,acapperl6@csmonitor.com,gT9&jV(9wp3KmBCY
764,Rabbi Gainsbury,rgainsburyl7@ucsd.edu,bR2'6?&mXT
765,Shirl Porcas,sporcasl8@usda.gov,"oM4$,j2Q=5}'!"
766,Kyla McGiven,kmcgivenl9@auda.org.au,xU4`3_~!Zvk%wT
767,Marketa Jiggle,mjigglela@shinystat.com,xP1)!tlxDcVq9BM
768,Elsey Dumbell,edumbelllb@prnewswire.com,aH3\6NC(h0H
769,Candis Frawley,cfrawleylc@eepurl.com,jR0&41w.5
770,Jori Trounce,jtrounceld@redcross.org,eX7!J$%v/v/)t=U
771,Vasily Lamartine,vlamartinele@posterous.com,gP7`*yX)t
772,Hansiain Keeting,hkeetinglf@answers.com,yE7>4zZV{m
773,Karita Fussie,kfussielg@answers.com,vJ4=mA`zq#.
774,Kitty Prewett,kprewettlh@sina.com.cn,hF5'x6*4|&T86|
775,Iver Woodstock,iwoodstockli@sbwire.com,wX1)HKGQs/_
776,Allis Glasby,aglasbylj@google.co.uk,hH1@qjAwpx2lAPQ)
777,Marylynne Phillpotts,mphillpottslk@gizmodo.com,kX9)6<+sbQFTgiy'
778,Chadd Daunter,cdaunterll@bloglovin.com,"lN9+R*~(,I"""
779,Red Mullins,rmullinslm@wunderground.com,uZ0>3mSv6u(|
780,Brocky Dimmer,bdimmerln@unesco.org,aS8/M9@CgE6
781,Maxy Constantinou,mconstantinoulo@phpbb.com,"yC6<Nx""CZk1_f"
782,Zia Olrenshaw,zolrenshawlp@edublogs.org,gR3_SSlmkr}IR(K\
783,Jolynn Bonnick,jbonnicklq@ihg.com,oC4{(XT_h7H
784,Madge January,mjanuarylr@clickbank.net,"bR3,ko7+J3jh1vx0"
785,Boony L'Archer,blarcherls@skype.com,pA1)jzrqIWfK
786,Kenn Shearston,kshearstonlt@businessinsider.com,nG4/bSDd61<4i
787,Daloris Mourton,dmourtonlu@biblegateway.com,fR5*5'eT
788,Kiersten Goldsworthy,kgoldsworthylv@4shared.com,yV5~G}M(Zb__QL)I
789,Hussein McClaughlin,hmcclaughlinlw@bandcamp.com,vY0}9VN4+2
790,Piggy Carless,pcarlesslx@answers.com,rG2*zN)l!y
791,Ninnette Kelloch,nkellochly@github.io,aI7&wOD`\DVxqSp&
792,Gasper Bode,gbodelz@wix.com,kD9.oVeV
793,Gradey Alliott,galliottm0@msu.edu,"tK4*R?%m,$"
794,Siffre Kinvan,skinvanm1@amazon.de,aE0%N$k?XN\%gS
795,Nolana Dupoy,ndupoym2@a8.net,"rE8=\/C"")W\wu*0b"
796,Ashley Glewe,aglewem3@i2i.jp,mH0|..tE3F
797,Alan Ferneley,aferneleym4@geocities.com,"dU2/R!B,"
798,Benita Orro,borrom5@t-online.de,wY7@U48y4XoE+
799,Nanine Bisiker,nbisikerm6@360.cn,"vY1,pgoM4?kG\"
800,Paulie Schwartz,pschwartzm7@stumbleupon.com,lH6}UgMiUj.
801,Reinhold Beste,rbestem8@trellian.com,dR5<5k<w1Y_+w
802,Ozzy Jillard,ojillardm9@mlb.com,nB7>CMP?
803,Sherilyn Balderston,sbalderstonma@netlog.com,aO9=>C7DWBLm}
804,Dynah Schelle,dschellemb@mashable.com,tQ2*7!d1#t=|c$G
805,Tobiah Dougher,tdoughermc@ca.gov,kR4|G5T(C
806,Octavia Concannon,oconcannonmd@cisco.com,mU6|y5236
807,Quintina Petersen,qpetersenme@deliciousdays.com,oK2/Fbfd
808,Marney Pygott,mpygottmf@trellian.com,mX9$e*'4+|/OcW
809,Alexia Lotze,alotzemg@wikipedia.org,qG6|!R9R>seoD_n
810,Hinze Keeltagh,hkeeltaghmh@chicagotribune.com,cI6#6s5)hg
811,Simona Delmage,sdelmagemi@gov.uk,jQ0.=5wAd+{C
812,Dulcinea Cappleman,dcapplemanmj@dion.ne.jp,mX9$nCLjG
813,Candis Drust,cdrustmk@walmart.com,"mU5=,&=imq6b"
814,Wendy Hugues,whuguesml@nhs.uk,pD0'nV0bE.N|F+5N
815,Pammie Oliphard,poliphardmm@rakuten.co.jp,"pA1&(#N,&HJ#q"
816,Anet Antrim,aantrimmn@livejournal.com,"fL7,k9'B"
817,Mommy Melrose,mmelrosemo@google.pl,"fY0""&~4""q"
818,Jase Whates,jwhatesmp@constantcontact.com,gQ7*4yH9*vr
819,Jamal Brodley,jbrodleymq@irs.gov,bZ9*Jg20Ss~>'La
820,Liza Dorr,ldorrmr@rediff.com,iO2'4.i2t|TCe\sZ
821,Dalton Radki,dradkims@youtu.be,oV2/112ly)RdCB
822,Alley Denington,adeningtonmt@indiegogo.com,"rC0*s|,_xiR!YF"
823,Devlin Surgood,dsurgoodmu@marriott.com,vU9!6f%<PG
824,Leticia Madelin,lmadelinmv@nyu.edu,jW2_HP?nGK+d9iA8
825,Ethelda McMorran,emcmorranmw@g.co,lQ5=z\SWlC
826,Maye Wagner,mwagnermx@sciencedirect.com,kB7<kA5UZ
827,Rodina Harlock,rharlockmy@businesswire.com,nK2))3dfy
828,Abran Novacek,anovacekmz@shutterfly.com,"oQ4""""3RddD\qp9"
829,Ignacius McKeeman,imckeemann0@furl.net,fL0/U\$1F.
830,Bethina Drinkel,bdrinkeln1@virginia.edu,mP0?.wPKqZ7}A&u
831,Lucienne Mattingson,lmattingsonn2@cmu.edu,"fC7,=M?eN+"
832,Noella Adnet,nadnetn3@fastcompany.com,jS5(Q.u&3y
833,Farah Burdoun,fburdounn4@aboutads.info,mB8~ph1wAMY6y)
834,Hersch Bourner,hbournern5@npr.org,aP4$gX4`JY
835,Desmund Loudiane,dloudianen6@e-recht24.de,kQ8>}>18gM$Z
836,Carrissa Riceards,criceardsn7@goo.gl,bK0>~A#`Ym7
837,Misty Landre,mlandren8@jiathis.com,nX4)Hnrj%}ms
838,Adolph Antonellini,aantonellinin9@cafepress.com,qG4\6H)w6
839,Jarret Stalf,jstalfna@goo.ne.jp,zZ6>AC5X8!
840,Janey Renzullo,jrenzullonb@wp.com,"aK4=?+ji(bRk2W"""
841,Dov Terrington,dterringtonnc@vistaprint.com,fW1/=ny||#udfYd
842,Annabela Dimitriou,adimitriound@oracle.com,tC1*J7'QgED4z
843,Maitilde Bremen,mbremenne@clickbank.net,oD2=wyQsS{@Q#
844,Barb Essery,besserynf@meetup.com,uU2<?S_Bmc_U3H
845,Dorine Castagnasso,dcastagnassong@prweb.com,zY5/wk*#MffAsuy+
846,Evered Rolfini,erolfininh@arizona.edu,"wY4(.%qt""8"
847,Josh Ockenden,jockendenni@wordpress.org,"nW1?p+""Y`CCkY"
848,Felicity Garmans,fgarmansnj@imgur.com,bD0~z$z.eXFN
849,Desiree Ambridge,dambridgenk@canalblog.com,"vD7&>Y)$eayT,>%_"
850,Jillie Beavers,jbeaversnl@google.cn,"jG9.$r!""@<*"
851,Stirling Ayres,sayresnm@noaa.gov,bP2?9{89C!*.n
852,Katrina Whickman,kwhickmannn@privacy.gov.au,"wQ7,,=90?#"
853,Paxton Kleisel,pkleiselno@de.vu,oB2%nt?c)tL%3
854,Rheta Diemer,rdiemernp@sourceforge.net,"qG3@/CakS""90j"
855,Terry McPhelim,tmcphelimnq@acquirethisname.com,lF9$ToyUy5
856,Freeman Antoni,fantoninr@alexa.com,"oA5.L<}pH{_8'd,"
857,Bertrand La Torre,blans@uiuc.edu,qF3)(2Rj6?k|AY
858,Olvan Parsell,oparsellnt@webeden.co.uk,xL6.Nve)0){>
859,Marna Comellini,mcomellininu@ning.com,oW9&+Kd22U
860,Fitz Ladyman,fladymannv@icio.us,oZ0}ouo%Gn
861,Hymie Angrove,hangrovenw@seesaa.net,qV6+JLZ4PXo/
862,Lothario Nystrom,lnystromnx@cdc.gov,"lH3_Exfw,\!5#nJY"
863,Andrus Shout,ashoutny@w3.org,kM7?9(DRI%P
864,Kesley Ternault,kternaultnz@hostgator.com,pA4&gF%gy1'\y#UI
865,Katusha St Ange,ksto0@tripod.com,vP5.@)'uT+@)X%r
866,Fax Ginity,fginityo1@geocities.jp,"vQ2|6u%4IW,o"
867,Shellysheldon Bulford,sbulfordo2@kickstarter.com,rS4<YU#?+OUEF
868,Addia Benoiton,abenoitono3@i2i.jp,lM9\yB~F#cAA6H2
869,Johny Neame,jneameo4@senate.gov,pX4~L=yy
870,Mattie Chasmoor,mchasmooro5@opera.com,rQ8/`V#}uD\W
871,Lorri O'Beirne,lobeirneo6@samsung.com,"qH7%6V""A,(Zy<*"
872,Gennie Imos,gimoso7@t-online.de,fJ1($>t1'#lO
873,Devinne Searston,dsearstono8@addthis.com,hC0#ZoX7qGY6nE`q
874,Kristina Jeannin,kjeannino9@wufoo.com,bI4+Qr|vU+)
875,Jakob Dutnell,jdutnelloa@zdnet.com,"rI7,Jx%H'"
876,Karie Rabier,krabierob@whitehouse.gov,yK8|}qTD*@j/pX
877,Bailie Hadleigh,bhadleighoc@edublogs.org,qA2<pebi~`
878,Alicia Flecknoe,aflecknoeod@wikispaces.com,lX2)3r#s7M
879,Zitella Fackney,zfackneyoe@ftc.gov,mU8+sNWzAU{.lQ
880,Dunn MacKenny,dmackennyof@list-manage.com,aT7#Pj'6~A=
881,Janifer Duffus,jduffusog@trellian.com,"vY8!W271""fXM"
882,Georges Allon,gallonoh@boston.com,xS7$g\(_D833
883,Annnora Beltzner,abeltzneroi@webs.com,uB5@*~7!FQs$'c)
884,Birgitta Junifer,bjuniferoj@cbslocal.com,"tS9\E!G$,#qM"
885,Ferrell Barritt,fbarrittok@tinyurl.com,yM2+YRs)#hxSWkP
886,Ewen McVrone,emcvroneol@wikia.com,jJ7/'#Io`!$fQ
887,Clayborn Boaler,cboalerom@engadget.com,"xL6)#XfU""Pux"
888,Armand Dacombe,adacombeon@prweb.com,oZ2{6F'!
889,Gawain Whinray,gwhinrayoo@csmonitor.com,oH0=T\bu=
890,Dud Compford,dcompfordop@seesaa.net,nW7`qnquwHR
891,Gregg Van den Velde,gvanoq@ustream.tv,rS0*ZY>YDvUlR
892,Salaidh Leeves,sleevesor@state.gov,yH5>Fb1>Sw#xp8?
893,Bevon Botterill,bbotterillos@reuters.com,pH1~tVdR_A)+
894,Gerrie Maude,gmaudeot@cam.ac.uk,eU2_?E({8\{|@B3
895,Dollie Harbard,dharbardou@huffingtonpost.com,hT6_=MY.)o%|
896,Liana Piotrkowski,lpiotrkowskiov@prlog.org,zM7%ciK@0'Zm
897,Marnia Grabb,mgrabbow@reverbnation.com,cL4_&\){kl(qZ!oy
898,Deana Cardoe,dcardoeox@creativecommons.org,"eO2@akW,"
899,Codi Conrath,cconrathoy@sbwire.com,dD2#Y%sGNXVtoYa
900,Josefina Legge,jleggeoz@yandex.ru,"wZ0\d09"","
901,Babb McNess,bmcnessp0@cisco.com,yO8)~_0)K
902,Sher Gallihawk,sgallihawkp1@businessinsider.com,aX4)=&b~A
903,Clemmy Behrens,cbehrensp2@telegraph.co.uk,jG6{43l#9lVt
904,Odilia Rings,oringsp3@indiatimes.com,cF6+sqBs
905,Magda Ketteman,mkettemanp4@businesswire.com,cI9$?+yx
906,Alasteir Chater,achaterp5@msu.edu,"aD4""FK{.h"
907,Arney Duthie,aduthiep6@samsung.com,gU8+5>'90kpQF1<
908,Allie Garces,agarcesp7@who.int,vY7=+knZ7XtkaG?Z
909,Gracia Yurkin,gyurkinp8@xrea.com,kR8@>S9G18>D
910,Leeann Coulton,lcoultonp9@apache.org,yU7+W$wj$Kk
911,Buck Jimes,bjimespa@narod.ru,qD2#Sm_!g)(OH?Ji
912,Maynard Matten,mmattenpb@google.com.au,qL6?>Ucwbzef
913,Belvia Andriss,bandrisspc@reference.com,tF6)JaAIuP/
914,Ruprecht Allmond,rallmondpd@vk.com,kI9@dB>Y52g
915,Larine Iwanowski,liwanowskipe@usda.gov,"oX8!B.zes_5?,qQ"
916,Elliott Hawkings,ehawkingspf@jigsy.com,oB3?ZP!CMI
917,Odey Beardwell,obeardwellpg@123-reg.co.uk,tI0!3WGD=H|sq}
918,Melina Artrick,martrickph@tripadvisor.com,gB7>h8CAPzU0
919,Jeana Bhar,jbharpi@4shared.com,vO5/v.z)hW9H
920,Madlen Kohn,mkohnpj@over-blog.com,jE1$G.!0iI(+
921,Letty Swinn,lswinnpk@google.ru,yR7$Z6mfIIN(P
922,Cornall Hulland,chullandpl@istockphoto.com,wE7<0R1jv&G{ed
923,Concordia Louedey,clouedeypm@typepad.com,kR8&\dXE
924,Jan Wegman,jwegmanpn@sciencedirect.com,"mO5,)S64Jo.jVlMb"
925,Maxy Ortsmann,mortsmannpo@liveinternet.ru,nD6#6RFG
926,Bibbie Kemitt,bkemittpp@sphinn.com,lH5{9cJ\W
927,Karim Gumby,kgumbypq@meetup.com,dD2%m!<NW&<
928,Shelia Ida,sidapr@plala.or.jp,sL1*e#vubb0_?v#l
929,Matthiew Tockell,mtockellps@cdbaby.com,pL8$x{*@uIhu%Ma
930,Mike Kahan,mkahanpt@chron.com,cW1\cc*z0si4/&@G
931,Meredeth Leavy,mleavypu@fastcompany.com,"xI4$@,xNb"
932,Elisabetta Holdworth,eholdworthpv@smugmug.com,jJ0&eY}w
933,Hope Durtnel,hdurtnelpw@paginegialle.it,"zQ8~j$E,i&QA`="
934,Raimondo Curtain,rcurtainpx@tripod.com,iG6=i`@7w
935,Duffie Reinert,dreinertpy@ovh.net,rS1\G&b$(e?{qNa
936,Wyatan Riddles,wriddlespz@ucoz.ru,"dQ2$\G7c,bEnb"
937,Scarlett Torri,storriq0@webmd.com,"nP2(y*,VD**jAK"
938,Allan Luckie,aluckieq1@disqus.com,iQ6%Ny*ta'
939,Vina Tunesi,vtunesiq2@globo.com,eK9$ME5$t>
940,Phillipp Sebley,psebleyq3@ox.ac.uk,zK0*l(vg.xf8=NZI
941,Saundra Million,smillionq4@exblog.jp,rF1#L6o1CWh!Bmj
942,Sallie Chicchetto,schicchettoq5@wisc.edu,fN7.Zr8gS`/
943,Selie Tolotti,stolottiq6@washingtonpost.com,xX1#OM_\.
944,Antone McComish,amccomishq7@fastcompany.com,cZ4%lzWgp0tth/.z
945,Marthena Rubinowicz,mrubinowiczq8@skyrock.com,aG7|0gw/
946,Elsa Hocking,ehockingq9@ehow.com,kM8=85ArpKnE7
947,Daniela Girone,dgironeqa@china.com.cn,sP2{|FS7f_Zq9|
948,Dru Linster,dlinsterqb@miitbeian.gov.cn,jI9(7z\@@MNK(2!<
949,Ransom Norcutt,rnorcuttqc@is.gd,cZ9|vTSmluD
950,Biddy Bohills,bbohillsqd@yahoo.com,nE8<|=L`pD@S(g
951,Andromache McAne,amcaneqe@census.gov,rG0\Lw!<.
952,Fredrika Pyburn,fpyburnqf@macromedia.com,yD6(@L5$
953,Bord Kimberly,bkimberlyqg@mozilla.org,"uT0|VK>0,8CJ+w>"
954,Hetty Sothern,hsothernqh@w3.org,"aC7,Pd3!*)rxt|"
955,Clerc Pavel,cpavelqi@wikipedia.org,mQ3>St'nB~$e
956,Lona Brum,lbrumqj@g.co,tM6|1)<P
957,Gannie Darlison,gdarlisonqk@shutterfly.com,zH9&!8f7~\)vn
958,Carlynne Muino,cmuinoql@japanpost.jp,jB2(1%=$8UN<A
959,Sara Kernan,skernanqm@yellowbook.com,hA8<)FZB4\'4!+in
960,Pren Clougher,pclougherqn@free.fr,"aJ3/hKM,z>qdUb"
961,Prentiss Desport,pdesportqo@gov.uk,"oH3,|feqX?yl"
962,Coletta Riepel,criepelqp@mapy.cz,tT4+Q{/Ew\*n
963,Hermann Ivain,hivainqq@mayoclinic.com,"nY4$%k,'"
964,Gaultiero MacCauley,gmaccauleyqr@weibo.com,cQ8<|w6L?
965,Even Klee,ekleeqs@mac.com,bK0\8B//$(!+
966,Borden Ellcock,bellcockqt@ezinearticles.com,"rO3$rDo`AP""hy?OH"
967,Shanna Wathey,swatheyqu@newsvine.com,zS1%w#!g}
968,Charlene Skypp,cskyppqv@privacy.gov.au,rY3)ApSEp
969,Sammie Attewill,sattewillqw@omniture.com,kK9\DezF)Ix
970,Alexi Sabberton,asabbertonqx@aol.com,"zO8""!hXmPEbo#7J"
971,Darcie De Matteis,ddeqy@biblegateway.com,kN6(DcLy8uee
972,Yance Fasson,yfassonqz@un.org,eP4@uIxj%
973,Barbie Hemms,bhemmsr0@ifeng.com,sU7$6\Q5r*jM(bO
974,Wait Faustian,wfaustianr1@spiegel.de,vL7_lC./wOy
975,Antony Nan Carrow,ananr2@imdb.com,"mY0=XXV,7"
976,Halsey Conkey,hconkeyr3@boston.com,oW5*|tey`tS<}1
977,Siana Garioch,sgariochr4@nps.gov,uI3}TDm(`3WUU3
978,Xylina MacGorrie,xmacgorrier5@indiegogo.com,wX5~&/)LO_/rZO_
979,Valli Vashchenko,vvashchenkor6@zimbio.com,"wF7,}I!>b3PuUL"
980,Zitella Tunnow,ztunnowr7@drupal.org,yA8+XAn(5~4
981,Selig Maher,smaherr8@ox.ac.uk,"sU6(#{wT,9"
982,Merell Holson,mholsonr9@slashdot.org,bG9'$rul6{M
983,Libby Bransden,lbransdenra@bandcamp.com,aI5|0YNKOp
984,Lonnie Adhams,ladhamsrb@upenn.edu,"eT4""D0s7G%{i"
985,Babbie Rookeby,brookebyrc@booking.com,yK6(>g#M
986,Leta Cawson,lcawsonrd@wordpress.org,oG7'jF0`*4$AAQ
987,Ab Klimshuk,aklimshukre@flavors.me,tJ7$+c=We
988,Louisa Mobius,lmobiusrf@chronoengine.com,tN9#g~XTb$$(R
989,Maryjo Oglesbee,moglesbeerg@webeden.co.uk,"rT4""c%3_)hZ$W)~"
990,Calvin Collin,ccollinrh@google.co.uk,"iO6_VBd0mB""*"
991,Earlie Zambonini,ezamboniniri@gmpg.org,xR9>$9/i?Cv~95dI
992,Gerek Work,gworkrj@answers.com,"dA4&S`>._F!+""?"
993,Percival Danniell,pdanniellrk@miibeian.gov.cn,zR8!IULli|5
994,Anne Pozzi,apozzirl@elegantthemes.com,eS3=L2C(qP!0v}
995,Lilia Minocchi,lminocchirm@goo.gl,"yS7@ZWz""<Z"
996,Addie Cobson,acobsonrn@reddit.com,mS7&MsA8K+W
997,Cristine Ubee,cubeero@goo.gl,lK5&863'
998,Albie Akerman,aakermanrp@mashable.com,dF9`Lnqmo
999,Wynnie Peasey,wpeaseyrq@google.ru,oW9@neeIyRm
1000,Fritz Speck,fspeckrr@nsw.gov.au,dL4'ZD|n
